ID,sentence,level,hurigana,english,vietnamese,grammar,,1,2,3,4,5,6,7,8,9,10,word1_name,word1_id,word2_name,word2_id,word3_name,word3_id,word4_name,word4_id,word5_name,word5_id,word6_name,word6_id,word7_name,word7_id,word8_name,word8_id,word9_name,word9_id,word10_name,word10_id,word11_name,word11_id,word12_name,word12_id,word13_name,word13_id,word14_name,word14_id,EntityType,length,check
1,わたしは学生です。,1,わたしはがくせいです。,I am a student.,Tôi là học sinh.,1,〜は〜です,あなた,で,せんせい,じゃない,がっこう,こども,も,に,か,まだ,わたし,5074,は,,学生,34,です,,,,,,,,,,,,,,,,,,,,,,Sentence,9,TRUE
2,これはあなたのいすです。,1,これはあなたのいすです。,This is your chair.,Đây là ghế của bạn.,3,〜の（所属）,つくえ,に,を,わたし,ごはん,き,いえ,ます,じゃない,ペン,これ,695,は,,あなた,5075,の,,いす,227,です,,,,,,,,,,,,,,,,,,Sentence,12,TRUE
3,ごはんをたべます。,1,ごはんをたべます。,I eat rice.,Tôi ăn cơm.,81,〜を（基本助詞）,さかな,にく,のむ,たべる,で,に,と,ない,です,かいます,ごはん,160,を,,たべ,309,ます,,,,,,,,,,,,,,,,,,,,,,Sentence,9,TRUE
4,りんごとみかんをかいます。,1,りんごとみかんをかいます。,I buy apples and mandarins.,Tôi mua táo và quýt.,46,助詞 と（並列）,ごはん,のみます,かい,のむ,かう,です,たべる,たべ,のま,も,りんご,191,と,,みかん,193,を,,かいます,275,,,,,,,,,,,,,,,,,,,Sentence,13,TRUE
5,このさかなはおいしいです。,1,このさかなはおいしいです。,This fish is delicious.,Con cá này ngon.,79,い形容詞＋です（肯定）,にく,に,まずい,おいしく,を,まずく,か,ない,すし,たべます,この,693,さかな,4,は,,おいしい,405,です,,,,,,,,,,,,,,,,,,,,Sentence,13,TRUE
6,にほんはきれいです。,1,にほんはきれいです。,Japan is beautiful.,Nhật Bản đẹp.,80,な形容詞＋です（肯定）,かわいい,ない,します,で,に,きたなく,きたない,すきな,じゃ,きれいに,にほん,37,は,,きれい,388,です,,,,,,,,,,,,,,,,,,,,,,Sentence,10,TRUE
7,これはつくえではありません。,1,これはつくえではありません。,This is not a desk.,Đây không phải là cái bàn.,140,〜ではありません,も,いす,です,ない,わたし,いす,へや,かいます,を,わたし,これ,695,は,,つくえ,228,では,,ありません,,,,,,,,,,,,,,,,,,,,Sentence,14,TRUE
8,あなたは先生ですか。,1,あなたはせんせいですか。,Are you a teacher?,Bạn là giáo viên à?,141,ではない（な形容詞の否定）,がくせい,じゃない,わたし,に,で,も,おとうさん,がっこう,ます,おかあさん,あなた,5075,は,,先生,29,です,,か,,,,,,,,,,,,,,,,,,,,Sentence,10,TRUE
9,おねえさんはねこも好きです。,2,おねえさんはねこもすきです。,My older sister also likes cats.,Chị gái tôi cũng thích mèo.,52,助詞 も（主題／列挙）,おにいさん,とり,いもうと,おとうと,ない,では,で,に,を,でしょう,おねえさん,91,は,,ねこ,1,も,,好き,395,です,,,,,,,,,,,,,,,,,,Sentence,14,TRUE
10,おとうとは学校でべんきょうします。,2,おとうとはがっこうでべんきょうします。,My younger brother studies at school.,Em trai tôi học ở trường.,51,助詞 で（場所）,おねえさん,くうこう,ホテル,おにいさん,おとうと,いいます,に,いきます,で,ます,おとうと,92,は,,学校,65,で,,べんきょう,325,します,329,,,,,,,,,,,,,,,,,Sentence,17,TRUE
11,おじいさんは五じまで本をよみます。,2,おじいさんはごじまでほんをよみます。,My grandfather reads books until five o’clock.,Ông tôi đọc sách đến năm giờ.,53,助詞 から〜まで（範囲）,にじ,ごじ,いちじ,に,で,にほんご,いいます,たべます,から,まで,おじいさん,106,は,,五,13,じ,5734,まで,5751,本,560,を,,よみます,274,,,,,,,,,,,,,Sentence,17,TRUE
12,お母さんは七じにあさごはんをたべます。,2,おかあさんはななじにあさごはんをたべます。,My mother eats breakfast at seven o’clock.,Mẹ tôi ăn sáng lúc bảy giờ.,60,時間表現（〜時／〜時に）,おとうさん,おじいさん,おばあさん,ろくじ,はちじ,へ,まで,よるごはん,のみます,ません,お母さん,87,は,,七,15,じ,5734,に,10,あさごはん,171,を,,たべます,309,,,,,,,,,,,,,Sentence,19,TRUE
13,お兄さんは学校からかえります。,2,おにいさんはがっこうからかえります。,My older brother comes home from school.,Anh trai tôi trở về từ trường.,65,場所方向（〜から／まで）,ホテル,おとうさん,おとうと,も,が,へや,いき,ません,ましょう,ある,お兄さん,89,は,,学校,65,から,600,かえり,272,ます,,,,,,,,,,,,,,,,,,Sentence,15,TRUE
14,こうえんに行きましょう。,2,こうえんにいきましょう。,Let’s go to the park.,Hãy đi đến công viên.,71,意向形（〜ましょう）,がっこう,ホテル,くうこう,いき,ます,ません,ない,ましょう,行く,を,こうえん,70,に,10,行き,271,ましょう,,,,,,,,,,,,,,,,,,,,,,Sentence,12,TRUE
15,おとうとはコーヒーをのみません。,2,おとうとはコーヒーをのみません。,My younger brother doesn’t drink coffee.,Em trai tôi không uống cà phê.,78,V + ません,いもうと,おにいさん,おちゃ,ます,すき,たべ,ましょう,ジュース,みず,で,おとうと,92,は,,コーヒー,187,を,,のみ,273,ません,,,,,,,,,,,,,,,,,,Sentence,16,TRUE
16,お父さんはくうこうに行きます。,2,おとうさんはくうこうにいきます。,My father goes to the airport.,Cha tôi đi đến sân bay.,82,〜に（基本助詞）,おかあさん,おじいさん,おばあさん,で,はたらき,かえり,ません,いく,かえる,はたらく,お父さん,85,は,,くうこう,574,に,10,行き,271,ます,,,,,,,,,,,,,,,,,,Sentence,15,TRUE
17,きょうのよるは何をたべますか。,2,きょうのよるはなにをたべますか。,What will you eat tonight?,Tối nay bạn ăn gì?,146,何（疑問詞）,あさ,みず,みせ,ねこ,いえ,ともだち,がっこう,で,かさ,のみます,きょう,247,の,,よる,506,は,,何,398,を,,たべます,309,か,,,,,,,,,,,,,,Sentence,15,TRUE
18,あしたはだれと会いますか。,2,あしたはだれとあいますか。,Who will you meet tomorrow?,Ngày mai bạn gặp ai?,147,誰（疑問詞）,どこ,いき,ほん,すいようび,の,いぬ,が,つくえ,に,ねます,あした,248,は,,だれ,400,と,,会い,278,ます,,か,,,,,,,,,,,,,,,,Sentence,13,TRUE
19,れいぞうこに何かありますか。,2,れいぞうこになにかありますか。,Is there anything in the refrigerator?,Trong tủ lạnh có gì không?,146,何（疑問詞）,まど,を,あけて,つくります,あさごはん,の,おちゃ,に,します,ねこ,れいぞうこ,559,に,10,何か,398,あり,,ます,,か,,,,,,,,,,,,,,,,,,Sentence,14,TRUE
20,へやにだれかいますか。,2,へやにだれかいますか。,Is there anyone in the room?,Trong phòng có ai không?,147,誰（疑問詞）,そと,で,べんきょう,を,のみます,ともだち,に,かさ,は,およぎます,へや,224,に,10,だれか,875,い,2417,ます,,か,,,,,,,,,,,,,,,,,,Sentence,11,TRUE
21,いっしょにテニスをしませんか。,3,いっしょにテニスをしませんか。,Shall we play tennis together?,Cùng chơi tennis nhé?,8,〜ませんか,あそび,ましょう,の,すき,に,おどり,を,よみ,ました,から,いっしょ,591,に,10,テニス,204,を,,し,1660,ません,,か,,,,,,,,,,,,,,,,Sentence,15,TRUE
22,にほんごのノートを見せてください。,3,にほんごのノートをみせてください。,Please show me your Japanese notebook.,Làm ơn cho tôi xem vở tiếng Nhật.,9,Vてください,ほん,を,かりて,おきます,いぬ,と,うた,を,うたい,ます,にほんご,44,の,,ノート,218,を,,見せて,310,ください,,,,,,,,,,,,,,,,,,Sentence,17,TRUE
23,おなかがすいたからひるごはんを食べます。,3,おなかがすいたからひるごはんをたべます。,"I’m hungry, so I’ll eat lunch.",Vì đói bụng nên tôi ăn trưa.,23,〜から（理由）,あさ,に,みず,を,のみ,たい,です,ねむい,の,です,おなか,670,が,,すいた,850,から,600,ひるごはん,172,を,,食べ,309,ます,,,,,,,,,,,,,,Sentence,20,TRUE
24,ここでしゃしんをとってもいいです。,3,ここでしゃしんをとってもいいです。,You may take photos here.,Bạn có thể chụp ảnh ở đây.,29,〜てもいいです,まど,に,すわって,ください,いけません,ながい,は,おおきい,うた,を,ここ,5087,で,,しゃしん,546,を,,とって,277,も,,いい,351,です,,,,,,,,,,,,,,Sentence,17,TRUE
25,そのまどにさわってはいけません。,3,そのまどにさわってはいけません。,Don’t touch that window.,Không được chạm vào cửa sổ đó.,30,〜てはいけません,つくえ,の,うえ,に,ねこ,が,います,いき,たい,ですね,その,3703,まど,231,に,10,さわって,829,は,,いけ,,ません,,,,,,,,,,,,,,,,Sentence,16,TRUE
26,大きいこえでうたってはいけない。,3,おおきいこえでうたってはいけない。,You must not sing loudly.,Không được hát to.,42,禁止形（〜てはいけない）,あさ,に,ちいさい,てがみ,を,かいて,も,いい,です,よ,大きい,346,こえ,816,で,,うたって,288,は,,いけない,,,,,,,,,,,,,,,,,,Sentence,16,TRUE
28,にわに犬がいます。,3,にわにいぬがいます。,There is a dog in the garden.,Trong vườn có con chó.,49,助詞 が（主格／存在）,そと,で,はな,を,み,ます,さかな,に,の,です,にわ,1782,に,10,犬,2,が,,い,501,ます,,,,,,,,,,,,,,,,,,Sentence,9,TRUE
29,お兄さんはバスでかえります。,3,おにいさんはバスでかえります。,My older brother goes home by bus.,Anh trai tôi về bằng xe buýt.,50,助詞 で（手段）,ぱん,と,ごはん,を,のんで,います,すし,に,きって,ください,お兄さん,89,は,,バス,197,で,,かえり,272,ます,,,,,,,,,,,,,,,,,,Sentence,14,TRUE
30,きのうの天気はすずしかったです。,3,きのうのてんきはすずしかったです。,The weather was cool yesterday.,Thời tiết hôm qua mát mẻ.,56,形容詞（い形）過去形,あつい,さむい,なつ,に,いき,ました,いま,は,あめ,です,きのう,246,の,,天気,581,は,,すずし,381,かった,,です,,,,,,,,,,,,,,,,Sentence,16,TRUE
31,きのうのよるはしずかでした。,3,きのうのよるはしずかでした。,It was quiet last night.,Đêm qua yên tĩnh.,58,形容詞（な形）過去形,にぎやか,です,まいにち,の,ひる,いえ,に,いました,つかれた,です,きのう,246,の,,よる,506,は,,しずか,392,でした,,,,,,,,,,,,,,,,,,Sentence,14,TRUE
32,きんようびにお父さんは友だちと会います。,3,きんようびにおとうさんはともだちとあいます。,My father meets his friend on Friday.,"Vào thứ sáu, cha tôi gặp bạn.",61,時間表現（〜曜日）,どようび,で,しごと,を,します,に,でかけ,ます,はな,を,きんようび,243,に,10,お父さん,85,は,,友だち,83,と,,会い,2534,ます,,,,,,,,,,,,,,Sentence,20,TRUE
33,お母さんはおかしをどこでかいましたか。,3,おかあさんはおかしをどこでかいましたか。,Where did your mother buy sweets?,Mẹ bạn mua bánh kẹo ở đâu?,148,どこ（疑問詞）,みせ,に,ねこ,が,いました,きょう,の,すーぱー,で,みました,お母さん,87,は,,おかし,667,を,,どこで,403,かい,275,ました,,か,,,,,,,,,,,,,,Sentence,19,TRUE
34,おばあさんはいつかえりますか。,3,おばあさんはいつかえりますか。,When will your grandmother come home?,Bà bạn khi nào về?,149,いつ（疑問詞）,あさって,に,ねます,か,で,いき,ます,たぶん,いい,です,おばあさん,108,は,,いつ,402,かえり,272,ます,,か,,,,,,,,,,,,,,,,,,Sentence,15,TRUE
35,はるとあきのどちらがすきですか。,3,はるとあきのどちらがすきですか。,"Which do you like, spring or autumn?",Bạn thích mùa xuân hay mùa thu?,150,どちら（疑問詞）,なつ,ふゆ,いま,の,てんき,は,すごい,ですね,きょう,も,はる,78,と,,あきの,80,どちら,713,が,,すき,395,です,395,か,,,,,,,,,,,,,,Sentence,16,TRUE
36,にちようびはどこかへ行きますか。,3,にちようびはどこかへいきますか。,Will you go somewhere on Sunday?,Chủ nhật bạn có đi đâu không?,154,どこか（不定代名詞）,がっこう,の,ともだち,と,べんきょう,を,します,よ,あそび,ません,にちようび,238,は,,どこ,403,か,2129,へ,,行き,271,ます,,か,,,,,,,,,,,,,,Sentence,16,TRUE
37,いつか日本の歌を歌いたいです。,4,いつかにほんのうたをうたいたいです。,I want to sing a Japanese song someday.,Tôi muốn hát một bài hát Nhật Bản vào một ngày nào đó.,155,いつか（不定代名詞）,まいにち,おどり,を,みて,たのしい,です,ほん,を,よみ,ます,いつか,662,日本,37,の,,歌,664,を,,歌い,288,たい,288,です,,,,,,,,,,,,,,Sentence,15,TRUE
38,白と黒のどちらかをえらんでください。,4,しろとくろのどちらかをえらんでください。,Please choose either white or black.,Hãy chọn một trong hai: trắng hoặc đen.,156,どちらか（不定代名詞）,みどり,あか,あお,きいろ,は,だめ,ねこ,に,つくえ,を,白,656,と,,黒の,686,どちらか,713,を,,えらんで,646,ください,646,,,,,,,,,,,,,,,Sentence,18,TRUE
39,いまお母さんはケーキをつくっています。,4,いま、おかあさんはケーキをつくっています。,My mother is making a cake now.,Bây giờ mẹ tôi đang làm bánh.,10,Vています（動作の進行中）,きのう,あした,りんご,かって,すし,の,ともだち,で,あそんで,みせ,いま,507,お母さん,87,は,,ケーキ,170,を,,つくって,299,います,,,,,,,,,,,,,,,,Sentence,19,TRUE
40,わたしは毎日コーヒーをのんでいます。,4,わたしはまいにちコーヒーをのんでいます。,I drink coffee every day.,Tôi uống cà phê mỗi ngày.,11,Vている（状態／習慣）,あなた,いま,あした,パン,すし,と,みます,に,たべて,が,わたし,5074,は,,毎日,259,コーヒー,187,を,,のんで,273,います,,,,,,,,,,,,,,,,Sentence,18,TRUE
41,ここで写真をとらないでください。,4,ここでしゃしんをとらないでください。,Please don’t take pictures here.,Xin đừng chụp ảnh ở đây.,12,〜ないでください,そこ,あそこで,かって,のんで,ねないで,はいって,みせて,は,てにす,きいて,ここ,5087,で,,写真,546,を,,とら,277,ないで,,ください,,,,,,,,,,,,,,,,Sentence,16,TRUE
42,こんどの休みに映画を見たいです。,4,こんどのやすみにえいがをみたいです。,I want to watch a movie on my next holiday.,Kỳ nghỉ tới tôi muốn xem phim.,14,〜たいです,きのう,らいしゅう,えき,いえ,のみたい,すし,でかけたい,あいます,がっこう,にほん,こんど,823,の,,休み,5739,に,,映画,2095,を,,見たい,7,です,,,,,,,,,,,,,,Sentence,16,TRUE
43,わたしはラーメンを食べたことがあります。,5,わたしはラーメンをたべたことがあります。,I have eaten ramen before.,Tôi đã từng ăn mì ramen.,15,〜たことがあります,あなた,にほん,の,のみ,いき,りんご,から,たべたい,すし,に,わたし,5074,は,,ラーメン,162,を,,食べた,309,こと,538,が,,あります,500,,,,,,,,,,,,,Sentence,20,TRUE
44,ごはんを食べてからしゅくだいをします。,4,ごはんをたべてからしゅくだいをします。,I’ll do my homework after eating.,Tôi làm bài tập sau khi ăn cơm.,21,Vてから,パン,のんで,みて,あとで,すぐ,に,たべ,が,えいが,して,ごはん,160,を,,食べて,309,から,,しゅくだい,704,を,,します,329,,,,,,,,,,,,,,,Sentence,19,TRUE
45,つくえの上に本やペンがあります。,4,つくえのうえにほんやペンがあります。,There are books and pens on the desk.,Trên bàn có sách và bút.,48,助詞 や（並列）,いす,した,にわ,えんぴつ,まど,ねこ,と,は,あそび,じしょ,つくえ,228,の,,上,518,に,,本,560,や,,ペンが,211,あります,500,,,,,,,,,,,,,Sentence,16,TRUE
46,うさぎは馬より小さいです。,4,うさぎはうまよりちいさいです。,A rabbit is smaller than a horse.,Thỏ nhỏ hơn ngựa.,62,比較（〜は〜より）,いぬ,ねこ,おおきい,すき,の,に,はやい,あかい,かわいい,ですか,うさぎ,663,は,,馬,5,より,,小さい,347,です,,,,,,,,,,,,,,,,,,Sentence,13,TRUE
47,レストランよりカフェの方が好きです。,4,レストランよりカフェのほうがすきです。,I like cafés more than restaurants.,Tôi thích quán cà phê hơn nhà hàng.,63,比較（〜のほうが）,スーパー,えき,いえ,は,おいしい,きれい,に,いちばん,から,します,レストラン,55,より,,カフェの,54,方,5185,が,,好き,395,です,,,,,,,,,,,,,,,,Sentence,18,TRUE
48,あの山は日本で一ばん高いです。,5,あのやまはにほんでいちばんたかいです。,That mountain is the highest in Japan.,Ngọn núi kia là cao nhất ở Nhật Bản.,64,比較（いちばん）,かわ,いけ,そら,すこし,ふじさん,の,に,ながい,くらい,おおきい,あの,3704,山,139,は,,日本,37,で,,一ばん,661,高い,348,です,,,,,,,,,,,,,,Sentence,15,TRUE
49,あした友だちと映画館へ行きます。,4,あした、ともだちとえいがかんへいきます。,I will go to the cinema with my friend tomorrow.,Ngày mai tôi đi xem phim với bạn.,66,場所方向（〜へ）,きのう,に,がっこう,レストラン,いきたい,えき,から,かえり,すし,は,あした,248,友だち,83,と,,映画館,57,へ,,行き,271,ます,,,,,,,,,,,,,,,,Sentence,16,TRUE
50,このスープはあたたかくないです。,4,このスープはあたたかくないです。,This soup is not warm.,Súp này không ấm.,76,くない（い形容詞の否定）,さむい,つめたい,の,きれい,たかい,すき,でした,が,ですか,よ,この,693,スープ,174,は,,あたたかく,380,ない,,です,,,,,,,,,,,,,,,,,,Sentence,16,TRUE
51,この町はしずかではないです。,4,このまちはしずかではないです。,This town is not quiet.,Thị trấn này không yên tĩnh.,141,ではない（な形容詞の否定）,にぎやか,ひろい,ちいさい,きれい,かわいい,すき,の,いそがしい,まえ,に,この,693,町,72,は,,しずか,392,では,,ない,,です,,,,,,,,,,,,,,,,Sentence,14,TRUE
52,どうやって東京へ行きますか。,4,どうやってとうきょうへいきますか。,How do you go to Tokyo?,Làm sao để đi đến Tokyo?,151,どうやって（疑問詞）,なに,どこ,バス,で,から,の,まし,どうして,だれ,します,どうやって,,東京,2652,へ,,行き,271,ます,,か,,,,,,,,,,,,,,,,,,Sentence,14,TRUE
53,日本人はどうやってすしを食べますか。,4,にほんじんはどうやってすしをたべますか。,How do Japanese people eat sushi?,Người Nhật ăn sushi như thế nào?,157,どうやって（不定代名詞）,パン,の,なに,どの,りんご,てにす,を,のみます,つくり,は,日本人,5098,は,,どうやって,,すし,2575,を,,食べ,309,ます,,か,,,,,,,,,,,,,,Sentence,18,TRUE
54,きのうの昼ごはんはどうでしたか。,4,きのうのひるごはんはどうでしたか。,How was lunch yesterday?,Bữa trưa hôm qua thế nào?,158,どうでしたか,あした,ばんごはん,なに,すき,おいしい,に,の,どんな,どうして,でしたか,きのう,246,の,,昼ごはん,172,は,719,どう,2503,でした,,か,2129,,,,,,,,,,,,,,,Sentence,16,TRUE
55,お父さんは会社へ行かなければなりません。,5,おとうさんはかいしゃへいかなければなりません。,My father must go to the office.,Cha tôi phải đi làm.,13,〜なければなりません,,,,,,,,,,,お父さん,85,は,,会社,52,へ,,行か,271,なけれ,,ば,,なりません,,,,,,,,,,,,,,Sentence,20,TRUE
56,あした私は食べたり飲んだりします。,5,あした、わたしはたべたりのんだりします。,Tomorrow I will eat and drink.,Ngày mai tôi sẽ ăn và uống.,16,〜たり〜たりします,,,,,,,,,,,あした,248,私,5074,は,,食べ,309,たり,,飲んだり,273,します,329,,,,,,,,,,,,,,,Sentence,17,TRUE
57,春になるとあたたかくなります。,5,はるになるとあたたかくなります。,It becomes warm in spring.,Khi đến mùa xuân thì trời ấm lên.,17,〜くなります／〜になります,,,,,,,,,,,春,78,に,10,なる,,と,,あたたかく,380,なり,,ます,,,,,,,,,,,,,,,,Sentence,15,TRUE
58,私はこの本はおもしろいと思います。,5,わたしは、このほんはおもしろいとおもいます。,I think this book is interesting.,Tôi nghĩ cuốn sách này thú vị.,18,〜と思います,,,,,,,,,,,私は,5074,この,,本,560,は,,おもしろい,370,と,,思います,,,,,,,,,,,,,,,,Sentence,17,TRUE
59,先生は休みですと言いました。,5,せんせいは、やすみですといいました。,The teacher said,Giáo viên nói rằng hôm nay nghỉ.,19,〜と言います,,,,,,,,,,,先生,29,は,719,休み,5739,です,,と,,言い,293,ました,,,,,,,,,,,,,,,,Sentence,14,TRUE
60,あしたの天気は雨でしょう。,5,あしたのてんきはあめでしょう。,It will probably rain tomorrow.,Thời tiết ngày mai có lẽ sẽ mưa.,20,〜でしょう,,,,,,,,,,,あした,248,の,,天気,581,は,719,雨,582,でしょう,,,,,,,,,,,,,,,,,,Sentence,13,TRUE
61,学生は食べる前に手をあらいます。,5,がくせいはたべるまえにてをあらいます。,Students wash their hands before eating.,Học sinh rửa tay trước khi ăn.,22,Vる前に,,,,,,,,,,,学生,34,は,,食べる,309,前,524,に,10,手,5737,を,,あらいます,622,,,,,,,,,,,,,Sentence,16,TRUE
62,さとうさんはかぜをひいたので休みます。,5,さとうさんはかぜをひいたのでやすみます。,Mr. Sato will rest because he caught a cold.,Vì anh Sato bị cảm nên nghỉ học.,24,〜ので,,,,,,,,,,,さとうさん,,は,,かぜ,140,を,,ひいた,,ので,,休み,617,ます,,,,,,,,,,,,,,Sentence,19,TRUE
63,あなたは早くねた方がいいです。,5,あなたははやくねたほうがいいです。,You should go to bed early.,Bạn nên đi ngủ sớm.,26,〜ほうがいいです,,,,,,,,,,,あなた,5075,は,,早く,364,ねた,308,方,5185,が,,いい,351,です,,,,,,,,,,,,,,Sentence,15,TRUE
64,アメリカより中国の方が近いです。,5,アメリカよりちゅうごくのほうがちかいです。,China is closer than America.,Trung Quốc gần hơn Mỹ.,54,助詞 より（対比）,,,,,,,,,,,アメリカ,41,より,,中国,39,の,,方,5185,が,,近い,354,です,,,,,,,,,,,,,,Sentence,16,TRUE
65,彼はかんこく語を話すことができます。,5,かれはかんこくごをはなすことができます。,He can speak Korean.,Anh ấy có thể nói tiếng Hàn.,75,能力（〜ことができる）,,,,,,,,,,,彼,5080,は,,かんこく語,,を,,話す,294,こと,538,が,,できます,,,,,,,,,,,,,,Sentence,18,TRUE
66,子どものときドーナツを食べました。,5,こどものときドーナツをたべました。,I ate donuts when I was a child.,Khi còn nhỏ tôi đã ăn bánh donut.,87,〜とき（時点）,,,,,,,,,,,子ども,104,の,,とき,,ドーナツ,167,を,,食べ,309,まし,,た,,,,,,,,,,,,,,Sentence,17,TRUE
67,仕事のあとでカラオケに行きます。,5,しごとのあとでカラオケにいきます。,I will go to karaoke after work.,Sau khi làm việc tôi đi hát karaoke.,89,〜あとで（時系列）,,,,,,,,,,,仕事,1447,の,,あと,,で,,カラオケ,269,に,10,行き,271,ます,,,,,,,,,,,,,,Sentence,16,TRUE
68,どうして学校を休みましたか。,5,どうしてがっこうをやすみましたか。,Why did you miss school?,Tại sao bạn nghỉ học?,159,どうして／なぜ,,,,,,,,,,,どうして,404,学校,65,を,,休み,617,ました,,か,,,,,,,,,,,,,,,,,,Sentence,14,TRUE
69,お姉さんは三時から勉強します。,2,おねえさんはさんじからべんきょうします。,My older sister studies from three o’clock.,Chị tôi học từ ba giờ.,53,助詞 から〜まで（範囲）,にじ,ごじ,いちじ,に,で,にほんご,いいます,たべます,から,まで,お姉さん,91,は,,三,11,時,,から,,勉強,325,します,329,,,,,,,,,,,,,,,Sentence,15,TRUE
70,この店は朝からカレーライスを作っておく。,6,このみせはあさからカレーライスをつくっておく。,This shop prepares curry rice from morning.,Cửa hàng này chuẩn bị cơm cà ri từ sáng.,27,Vておく,,,,,,,,,,,この店,576,は,,朝,503,から,600,カレーライス,164,を,,作って,299,おく,1471,,,,,,,,,,,,,Sentence,20,TRUE
71,電話の電池が切れてしまいました。,6,でんわのでんちがきれてしまいました。,The phone’s battery has died.,Điện thoại hết pin rồi.,28,Vてしまいました,,,,,,,,,,,電話,544,の,,電池,1208,が,,切れて,280,しまい,5733,ました,,,,,,,,,,,,,,,,Sentence,16,TRUE
72,田中さんは音楽を聞きながら散歩します。,6,たなかさんはおんがくをききながらさんぽします。,Mr. Tanaka takes a walk while listening to music.,Anh Tanaka vừa đi dạo vừa nghe nhạc.,31,〜ながら（同時進行）,,,,,,,,,,,田中さん,,は,,音楽,266,を,,聞き,244,ながら,,散歩,621,します,329,,,,,,,,,,,,,Sentence,19,TRUE
73,早く家に帰れ。,6,はやくいえにかえれ。,Go home quickly.,Về nhà sớm đi.,40,命令形（〜しろ）,,,,,,,,,,,早,364,く,,家,64,に,10,帰,272,れ,,,,,,,,,,,,,,,,,,Sentence,7,TRUE
74,教室に入るな。,6,きょうしつにはいるな。,Don’t enter the classroom.,Đừng vào lớp học.,41,禁止形（〜な）,,,,,,,,,,,教室,2181,に,,入,651,る,,な,,,,,,,,,,,,,,,,,,,,Sentence,7,TRUE
75,雪がふったら外で遊ぼう。,6,ゆきがふったらそとであそぼう。,Let’s play outside if it snows.,Nếu tuyết rơi thì ra ngoài chơi.,67,条件（〜たら）,,,,,,,,,,,雪,583,が,,ふった,638,ら,,外,521,で,,遊ぼ,302,う,,,,,,,,,,,,,,Sentence,12,TRUE
76,雨でも買い物に出かけます。,6,あめでもかいものにでかけます。,I’ll go shopping even if it rains.,Dù mưa tôi vẫn đi mua sắm.,68,条件（〜ても）,,,,,,,,,,,雨,582,でも,,買い物,1208,に,10,出かけ,,ます,,,,,,,,,,,,,,,,,,Sentence,13,TRUE
77,君なら簡単にできるよ。,6,きみならかんたんにできるよ。,You can do it easily.,Nếu là bạn thì có thể làm dễ dàng.,70,条件（〜なら）,,,,,,,,,,,君,5076,なら,,簡単,387,に,10,できる,,よ,,,,,,,,,,,,,,,,,,Sentence,11,TRUE
78,今夜は早く寝よう。,6,こんやははやくねよう。,Let’s go to bed early tonight.,Tối nay ngủ sớm nhé.,72,意向形（〜よう）,,,,,,,,,,,今夜,1008,は,,早く,364,寝,308,よ,,う,,,,,,,,,,,,,,,,,,Sentence,9,TRUE
79,八時に出発しようと思う。,6,はちじにしゅっぱつしようとおもう。,I’m thinking of leaving at eight.,Tôi định xuất phát lúc tám giờ.,73,意向形（〜ようと思う）,,,,,,,,,,,八,16,時,,に,,出発,839,しよう,3831,と,,思う,,,,,,,,,,,,,,,,Sentence,12,TRUE
80,おばさんはピザが作れます。,6,おばさんはピザがつくれます。,My aunt can make pizza.,Cô tôi có thể làm pizza.,74,能力（動詞の可能形）,,,,,,,,,,,おばさん,5741,は,,ピザ,177,が,,作れ,299,ます,,,,,,,,,,,,,,,,,,Sentence,13,TRUE
81,僕はギターを弾くつもりだ。,6,ぼくはギターをひくつもりだ。,I plan to play the guitar.,Tôi định chơi đàn guitar.,83,〜つもりだ（意志）,,,,,,,,,,,僕,5077,は,,ギター,268,を,,弾く,290,つもり,,だ,,,,,,,,,,,,,,,,Sentence,13,TRUE
82,たった百円しかない。,6,たったひゃくえんしかない。,I have only 100 yen.,Chỉ có một trăm yên thôi.,85,〜しか〜ない（限定）,,,,,,,,,,,たった,,百,25,円,512,しか,1834,ない,,,,,,,,,,,,,,,,,,,,Sentence,10,TRUE
83,それは私のかばんじゃありません。,7,それはわたしのかばんじゃありません。,That is not my bag.,Đó không phải là cặp của tôi.,2,〜じゃありません,,,,,,,,,,,それ,,は,,私,5074,の,,かばん,550,じゃ,,あり,,ません,,,,,,,,,,,,,,Sentence,16,TRUE
84,都会は静かじゃない。,7,とかいはしずかじゃない。,The city is not quiet.,Thành phố không yên tĩnh.,77,じゃない（な形容詞の否定）,,,,,,,,,,,都会,910,は,,静か,392,じゃ,,ない,,,,,,,,,,,,,,,,,,,,Sentence,10,TRUE
85,父のリュックは重すぎます。,7,ちちのリュックはおもすぎます。,My father’s backpack is too heavy.,Ba lô của cha quá nặng.,25,〜すぎます,,,,,,,,,,,父,84,の,,リュック,1519,は,,重,739,すぎ,,ます,,,,,,,,,,,,,,,,Sentence,13,TRUE
86,母は夫にりんごを洗わせます。,7,はははおっとにりんごをあらわせます。,My mother makes her husband wash the apples.,Mẹ bắt cha rửa táo.,36,〜させます（使役）,,,,,,,,,,,母,86,は,,夫,99,に,,りんご,191,を,,洗わせ,622,ます,,,,,,,,,,,,,,Sentence,14,TRUE
87,先生にほめられました。,7,せんせいにほめられました。,I was praised by the teacher.,Tôi được giáo viên khen.,37,〜られます（受身）,,,,,,,,,,,先生,29,に,,ほめ,1572,られ,,ました,,,,,,,,,,,,,,,,,,,,Sentence,11,TRUE
88,だれが来るかわかりません。,7,だれがくるかわかりません。,I don’t know who will come.,Tôi không biết ai sẽ đến.,43,疑問詞＋〜か,,,,,,,,,,,だれ,400,が,,来る,327,か,,わかり,741,ません,,,,,,,,,,,,,,,,,,Sentence,13,TRUE
89,その店が安いかどうか聞きました。,7,そのみせがやすいかどうかききました。,I asked whether that store is cheap.,Tôi đã hỏi xem cửa hàng đó có rẻ không.,44,Nかどうか,,,,,,,,,,,その,3703,店,576,が,,安い,349,か,,どうか,,聞き,276,ました,,,,,,,,,,,,,,Sentence,16,TRUE
90,今日の天気は良さそうです。,7,きょうのてんきはよさそうです。,The weather looks nice today.,Thời tiết hôm nay có vẻ tốt.,84,〜そうです（様態）,,,,,,,,,,,今日,247,の,,天気,581,は,,良さ,351,そう,,です,,,,,,,,,,,,,,,,Sentence,13,TRUE
91,新しい服を着てみます。,7,あたらしいふくをきてみます。,I’ll try wearing new clothes.,Tôi sẽ thử mặc quần áo mới.,90,〜てみる（試行）,,,,,,,,,,,新しい,355,服,116,を,,着て,629,みます,,,,,,,,,,,,,,,,,,,,Sentence,11,TRUE
92,彼女の文字は読みにくいです。,7,かのじょのもじはよみにくいです。,Her handwriting is hard to read.,Chữ viết của cô ấy khó đọc.,99,〜にくい（難易度）,,,,,,,,,,,彼女,5079,の,,文字,1221,は,,読み,274,にくい,,です,,,,,,,,,,,,,,,,Sentence,14,TRUE
93,鈴木さんの説明はわかりやすいです。,7,すずきさんのせつめいはわかりやすいです。,Elementary school questions are easy to understand.,Bài tập tiểu học dễ hiểu.,100,〜やすい（難易度）,,,,,,,,,,,鈴木さん,,の,,説明,858,は,,わかり,741,やすい,,です,,,,,,,,,,,,,,,,Sentence,17,TRUE
94,忘れ物をしないようにしてください。,8,わすれものをしないようにしてください。,Please make sure you don’t leave anything behind.,Xin hãy cố gắng đừng để quên đồ.,32,〜ようにしてください,,,,,,,,,,,忘れ物,1079,を,,しない,329,よう,,に,,して,,ください,,,,,,,,,,,,,,,,Sentence,17,TRUE
95,毎日ニュースを読むようにしています。,8,まいにちニュースをよむようにしています。,I make it a habit to read the news every day.,Tôi có thói quen đọc tin tức mỗi ngày.,33,〜ようにしています,,,,,,,,,,,毎日,259,ニュース,5745,を,,読む,274,よう,,に,,して,,います,,,,,,,,,,,,,,Sentence,18,TRUE
96,明日から早く寝るようにします。,8,あしたからはやくねるようにします。,I’ll try to go to bed early starting tomorrow.,"Từ ngày mai, tôi sẽ cố gắng đi ngủ sớm.",34,〜ようにします,,,,,,,,,,,明日,248,から,,早く,364,寝る,308,よう,,に,,します,329,,,,,,,,,,,,,,,Sentence,15,TRUE
97,この人が好きなのはやさしいからです。,8,このひとがすきなのは、やさしいからです。,The reason I like this people is because they are kind.,Tôi thích người này vì họ tốt bụng.,35,〜のは〜です,,,,,,,,,,,この,693,人,511,が,,好き,395,なの,,は,,やさしい,408,から,,です,,,,,,,,,,,,Sentence,18,TRUE
98,時間があれば温泉に行きます。,8,じかんがあれば、おんせんにいきます。,"If I have time, I’ll go to a hot spring.","Nếu có thời gian, tôi sẽ đi suối nước nóng.",69,条件（〜ば）,,,,,,,,,,,時間,536,が,,あれば,,温泉,1390,に,,行きます,271,,,,,,,,,,,,,,,,,Sentence,14,TRUE
99,貯金を始めることにしました。,8,ちょきんをはじめることにしました。,I’ve decided to start saving money.,Tôi đã quyết định bắt đầu tiết kiệm tiền.,86,〜ことにする（決定）,,,,,,,,,,,貯金,1670,を,,始める,314,こと,538,に,,しました,,,,,,,,,,,,,,,,,,Sentence,14,TRUE
100,先生は学生に静かにするように言いました。,8,せんせいはがくせいに、しずかにするようにいいました。,The teacher told the students to be quiet.,Thầy (cô) giáo bảo học sinh giữ im lặng.,91,〜ように言う（間接命令）,,,,,,,,,,,先生は,29,学生,34,に,,静かに,392,する,,ように,,言い,293,ました,,,,,,,,,,,,,,Sentence,20,TRUE
101,この店では先に支払うことになっています。,8,このみせでは、さきにしはらうことになっています。,"At this shop, you’re supposed to pay first.","Ở cửa hàng này, bạn phải trả tiền trước.",92,〜ことになっている（規則）,,,,,,,,,,,この,693,店,576,では,,先に,1491,支払う,1090,こと,,に,,なって,,います,,,,,,,,,,,,Sentence,20,TRUE
102,あの雲は熊みたいです。,8,あのくもはくまみたいです。,That cloud looks like a bear.,Đám mây kia trông giống con gấu.,97,〜みたいだ（比喩）,,,,,,,,,,,あの,3704,雲,144,は,,熊,1836,みたい,,です,,,,,,,,,,,,,,,,,,Sentence,11,TRUE
88,松下さんは失敗したのにあきらめません。,9,まつしたさんはしっぱいしたのにあきらめません。,Even though Mr. Matsushita failed,he does not give up.,88,〜のに（逆接）,,,,,,,,,,,松下さん,,は,,失敗,1341,した,,のに,,あきらめ,,ません,,,,,,,,,,,,,,,,Sentence,19,TRUE
95,赤ちゃんは泣いてばかりいます。,9,あかちゃんはないてばかりいます。,The baby keeps crying.,Em bé cứ khóc hoài.,95,〜ばかり（直後／程度）,,,,,,,,,,,赤ちゃん,2242,は,,泣い,291,て,,ばかり,,います,,,,,,,,,,,,,,,,,,Sentence,15,TRUE
96,湖の色は空のようです。,9,みずうみのいろはそらのようです。,The color of the lake is like the sky.,Màu của hồ giống như bầu trời.,96,〜ようだ（比喩）,,,,,,,,,,,湖,1713,の,,色,1532,は,,空,143,の,,よう,,です,,,,,,,,,,,,,,Sentence,11,TRUE
98,あの店は魚屋らしいです。,9,あのみせはさかなやらしいです。,That shop seems to be a fish store.,Cửa hàng đó có vẻ là cửa hàng cá.,98,〜らしい（推定）,,,,,,,,,,,あの,3704,店,576,は,,魚屋,1409,らしい,,です,,,,,,,,,,,,,,,,,,Sentence,12,TRUE
102,さっき卒業式が終わったばかりです。,9,さっきそつぎょうしきがおわったばかりです。,The graduation ceremony has just ended.,Buổi lễ tốt nghiệp vừa mới kết thúc.,102,〜たばかり（直後）,,,,,,,,,,,さっき,5803,卒業式,869,が,,終わった,281,ばかり,,です,,,,,,,,,,,,,,,,,,Sentence,17,TRUE
103,いま郵送するところです。,9,いまゆうそうするところです。,I am about to send it now.,Bây giờ tôi chuẩn bị gửi.,103,〜ところ（直前）,,,,,,,,,,,いま,507,郵送,1066,する,329,ところ,534,です,,,,,,,,,,,,,,,,,,,,Sentence,12,TRUE
160,本田さんはお弁当を作っているところです。,9,ほんださんはおべんとうをつくっているところです。,Mr. Honda is in the middle of making a bento.,Honda-san đang chuẩn bị hộp cơm trưa.,160,〜ところ（途中）,,,,,,,,,,,本田さん,,は,,お弁当,168,を,,作って,299,いる,,ところ,534,です,,,,,,,,,,,,,,Sentence,20,TRUE
161,届いた荷物を開けたところです。,9,とどいたにもつをあけたところです。,I have just opened the delivered package.,Tôi vừa mở gói hàng được gửi đến.,161,〜ところ（直後）,,,,,,,,,,,届い,912,た,,荷物,549,を,,開け,321,た,,ところ,534,です,,,,,,,,,,,,,,Sentence,15,TRUE
162,心配することはないよ。,10,しんぱいすることはないよ。,Don't worry.,Đừng lo lắng.,93,〜ことはない（不要）,,,,,,,,,,,心配,1268,する,,こと,538,は,,ない,,よ,,,,,,,,,,,,,,,,,,Sentence,11,TRUE
163,顔を洗っている最中に電話が鳴りました。,10,かおをあらっているさいちゅうに、でんわがなりました。,The phone rang while I was washing my face.,Điện thoại reo khi tôi đang rửa mặt.,94,〜最中に（動作中）,,,,,,,,,,,顔,5749,を,,洗って,622,いる,,最中,,に,,電話,544,が,,鳴り,,ました,,,,,,,,,,Sentence,19,TRUE
164,今日は雨が降りそうにないね。,10,きょうはあめがふりそうにないね。,It doesn’t look like it will rain today.,Hôm nay có vẻ như sẽ không mưa.,104,〜そうにない（可能性低）,,,,,,,,,,,今日,247,は,,雨,582,が,,降り,638,そう,,に,,ない,,ね,,,,,,,,,,,,Sentence,14,TRUE
165,この料理は中華料理に違いない。,10,このりょうりはちゅうかりょうりにちがいない。,This dish must be Chinese food.,Món ăn này chắc chắn là món Trung Hoa.,105,〜に違いない（確信）,,,,,,,,,,,この,693,料理,159,は,,中華料理,1414,に,,違い,1269,ない,,,,,,,,,,,,,,,,Sentence,15,TRUE
166,中学生にしては文章力がすごいですね。,10,ちゅうがくせいにしてはぶんしょうりょくがすごいですね。,"For a junior high school student, your writing skills are impressive.",So với học sinh trung học cơ sở thì khả năng viết của bạn thật tuyệt vời.,106,〜にしては（予想外）,,,,,,,,,,,中学生,900,に,,して,,は,,文章力,1218,が,,すごい,3318,です,,ね,,,,,,,,,,,,Sentence,18,TRUE
167,残業するにしても無理をしてはいけません。,10,ざんぎょうするにしても、むりをしてはいけません。,"Even if you work overtime, you shouldn’t push yourself too hard.",Dù làm thêm giờ thì cũng không nên gắng sức quá.,107,〜にしても（譲歩）,,,,,,,,,,,残業,1448,する,329,に,,して,,も,,無理,1263,を,,して,,は,,いけません,,,,,,,,,,Sentence,20,TRUE
168,天気にかかわらず運動会をします。,11,てんきにかかわらず、うんどうかいをします。,We will hold the sports day regardless of the weather.,Dù thời tiết thế nào chúng tôi vẫn tổ chức ngày hội thể thao.,108,〜にかかわらず（無関係）,,,,,,,,,,,天気,,に,,かかわらず,,運動会,2183,を,,します,,,,,,,,,,,,,,,,,,Sentence,16,TRUE
169,今日に限って店が休みです。,11,きょうにかぎって、みせがやすみです。,The store is closed only today.,Chỉ hôm nay cửa hàng đóng cửa.,109,〜に限って（特別）,,,,,,,,,,,今日,,に,,限って,,店,,が,,休み,5739,です,,,,,,,,,,,,,,,,Sentence,13,TRUE
170,先生は学生に対してやさしいです。,11,せんせいは、がくせいにたいしてやさしいです。,The teacher is kind to the students.,Giáo viên rất tốt với học sinh.,110,〜に対して（対象）,,,,,,,,,,,先生,,は,,学生,34,に,,対して,,やさしい,408,です,,,,,,,,,,,,,,,,Sentence,16,TRUE
171,私にとって家族はとても大切です。,11,わたしにとって、かぞくはとてもたいせつです。,My family is very important to me.,Gia đình rất quan trọng đối với tôi.,111,〜にとって（立場）,,,,,,,,,,,私,,に,,とって,,家族,82,は,,とても,,大切,711,です,,,,,,,,,,,,,,Sentence,16,TRUE
172,データに基づいて発表します。,11,データにもとづいてはっぴょうします。,I will present based on the data.,Tôi sẽ thuyết trình dựa trên dữ liệu.,112,〜に基づいて（根拠）,,,,,,,,,,,データ,,に,,基づい,,て,,発表,949,します,,,,,,,,,,,,,,,,,,Sentence,14,TRUE
173,人数に応じて料理を作ります。,11,にんずうにおうじてりょうりをつくります。,We will cook according to the number of people.,Chúng tôi sẽ nấu ăn tùy theo số người.,113,〜に応じて（対応）,,,,,,,,,,,人数,2885,に,,応じて,,料理,159,を,,作ります,299,,,,,,,,,,,,,,,,,Sentence,14,TRUE
174,卒業生は学校の方針に沿って準備を進めました。,12,そつぎょうせいは、がっこうのほうしんにそってじゅんびをすす めました。,The graduates proceeded with preparations according to the school's policy.,Các học sinh tốt nghiệp đã chuẩn bị theo chính sách của trường.,114,〜に沿って（準拠）,,,,,,,,,,,卒業生,1029,は,,学校,65,の,,方針,3926,に,,沿って,1899,準備を,842,進め,3039,ました,,,,,,,,,,Sentence,22,TRUE
175,子ども達は授業を通して自然の大切さを学びました。,12,こどもたちは、じゅぎょうをとおしてしぜんのたいせつさをまなびました。,The children learned the importance of nature through the class.,Trẻ em đã học được tầm quan trọng của thiên nhiên thông qua bài học.,116,〜を通じて／〜を通して（手段）,,,,,,,,,,,子ども達,104,は,,授業,703,を,,通して,,自然,1711,の,,大切さ,711,を,,学びました,2545,,,,,,,,,Sentence,24,TRUE
176,豊田さんは病気をきっかけに生活を見直しました。,12,とよたさんは、びょうきをきっかけにせいかつをみなおしました。,Mr. Toyoda reviewed his lifestyle after his illness.,Anh Toyoda đã xem xét lại lối sống của mình sau khi bị bệnh.,117,〜をきっかけに（契機）,,,,,,,,,,,豊田さん,,は,,病気,2151,を,,きっかけに,,生活,855,を,,見直し,5373,ました,,,,,,,,,,,,Sentence,23,TRUE
177,三菱さんは頑固だが人の意見を聞かないわけではない。,12,みつびしさんはがんこだが、ひとのいけんをきかないわけではない。,"Mr. Mitsubishi is stubborn, but it’s not that he doesn’t listen to others.","Anh Mitsubishi khá cứng đầu, nhưng không phải là anh ấy không nghe ý kiến của người khác.",118,〜わけではない（部分否定）,,,,,,,,,,,三菱さん,,は,,頑固,2333,だが,,人の,,意見,1168,を,,聞かない,276,わけ,,ではない,,,,,,,,,,Sentence,25,TRUE
178,あの刑事がそんな間違いをするわけがない。,12,あのけいじがそんなまちがいをするわけがない。,There’s no way that detective would make such a mistake.,Không đời nào viên cảnh sát đó lại mắc sai lầm như vậy.,119,〜わけがない（強否定）,,,,,,,,,,,あの,3704,刑事,2317,が,,そんな,,間違い,2900,を,,する,,わけ,,が,,ない,,,,,,,,,,Sentence,20,TRUE
179,大事な会議があるので会社を休むわけにはいかない。,12,だいじなかいぎがあるので、かいしゃをやすむわけにはいかない。,"I have an important meeting, so I can’t take a day off.",Vì có cuộc họp quan trọng nên tôi không thể nghỉ làm.,120,〜わけにはいかない（事情により不可）,,,,,,,,,,,大事な,5760,会議,786,が,,ある,,ので,,会社,52,を,,休む,617,わけには,,いかない,,,,,,,,,,Sentence,24,TRUE
180,環境問題を巡って激しい議論が行われた。,13,かんきょうもんだいをめぐって、はげしいぎろんがおこなわれた。,Intense discussions were held over environmental issues.,Đã diễn ra những cuộc thảo luận sôi nổi về các vấn đề môi trường.,115,〜をめぐって（議題）,,,,,,,,,,,環境問題,,を,,巡って,,激しい,2904,議論,1374,が,,行われた,,,,,,,,,,,,,,,,Sentence,19,TRUE
181,お客様あっての会社だから感謝を忘れてはいけない。,13,おきゃくさまあってのかいしゃだから、かんしゃをわすれてはいけない。,"Because our company exists thanks to our customers, we must not forget our gratitude.",Vì công ty tồn tại là nhờ khách hàng nên chúng ta không được quên lòng biết ơn.,121,〜あっての（存在の前提）,,,,,,,,,,,お客様,,あっての,,会社,52,だから,,感謝,1116,を,,忘れて,735,は,,いけない,,,,,,,,,,,,Sentence,24,TRUE
182,結果のいかんによっては計画を中止する可能性もある。,13,けっかのいかんによっては、けいかくをちゅうしするかのうせいもある。,"Depending on the outcome, the plan might be canceled.","Tùy thuộc vào kết quả, kế hoạch có thể sẽ bị hủy.",122,〜いかんによって（条件）,,,,,,,,,,,結果,1002,の,,いかん,,によって,,は,,計画,687,を,,中止する,877,可能性,5765,も,,ある,,,,,,,,Sentence,25,TRUE
183,ご報告かたがたご挨拶に伺いました。,13,ごほうこくかたがた、ごあいさつにうかがいました。,I came to greet you as well as to give my report.,Tôi đến để chào hỏi đồng thời báo cáo.,123,〜かたがた（目的）,,,,,,,,,,,ご報告,973,かたがた,,ご挨拶,2073,に,,伺い,,ました,,,,,,,,,,,,,,,,,,Sentence,17,TRUE
184,雨が降るかと思いきや突然晴れた。,13,あめがふるかとおもいきや、とつぜんはれた。,"I thought it would rain, but it suddenly cleared up.","Tôi tưởng là trời sẽ mưa, nhưng đột nhiên lại nắng.",124,〜かと思いきや（予想外）,,,,,,,,,,,雨,582,が,,降る,638,かと,,思いきや,,突然,1563,晴れた,,,,,,,,,,,,,,,,Sentence,16,TRUE
185,松屋さんは散歩がてら近くのパン屋に寄った。,13,まつやさんは、さんぽがてらちかくのパンやによった。,Mr. Matsuya stopped by a nearby bakery while taking a walk.,Anh Matsuya ghé qua tiệm bánh gần nhà trong lúc đi dạo.,125,〜がてら（ついで）,,,,,,,,,,,松屋さん,,は,,散歩,621,がてら,,近く,527,の,,パン屋,1408,に,,寄った,5051,,,,,,,,,,,Sentence,21,TRUE
186,彼は他人をすぐに責めるきらいがある。,14,かれはたにんをすぐにせめるきらいがある。,He tends to blame others too quickly.,Anh ấy có xu hướng đổ lỗi cho người khác quá nhanh.,126,〜きらいがある,,,,,,,,,,,彼,5080,は,,他人,5766,を,,すぐに,,責める,1593,きらい,,が,,ある,,,,,,,,,,,,Sentence,18,TRUE
187,美味しそうな匂いに食べずにはいられなかった。,14,おいしそうなにおいに、たべずにはいられなかった。,I couldn’t resist eating because it smelled so good.,Tôi không thể cưỡng lại mà phải ăn vì mùi thơm quá hấp dẫn.,127,〜ずにはおかない,,,,,,,,,,,美味しそう,405,な,,匂い,5767,に,,食べ,309,ず,,には,,いられ,,なかった,,,,,,,,,,,,Sentence,22,TRUE
188,約束を破ったからには謝らずには済まないだろう。,14,やくそくをやぶったからには、あやまらずにはすまないだろう。,"Since he broke his promise,he will have to apologize.",Vì đã thất hứa nên anh ấy chắc chắn sẽ phải xin lỗi.,128,〜ずにはすまない,,,,,,,,,,,約束,5116,を,,破った,1328,からには,,謝らず,,には,,済まない,2838,だろう,,,,,,,,,,,,,,Sentence,23,TRUE
189,部屋を掃いたそばから子どもがまた散らかした。,14,へやをはいたそばから、こどもがまたちらかした。,I had just cleaned the room when the kids messed it up again.,Vừa mới dọn phòng xong thì bọn trẻ lại làm bừa bộn.,129,〜そばから,,,,,,,,,,,部屋,224,を,,掃いた,2455,そば,,から,,子ども,104,が,,また,725,散らかした,1560,,,,,,,,,,,Sentence,22,TRUE
190,あの人は言い出したが最後決して考えを変えない。,14,あのひとは、いいだしたがさいご、けっしてかんがえをかえない。,"Once that person speaks up, they never change their mind.",Một khi người đó đã nói ra thì tuyệt đối không thay đổi ý kiến.,130,〜たが最後,,,,,,,,,,,あの,3704,人,,は,,言い出した,,が,,最後,825,決して,,考え,2813,を,,変え,644,ない,,,,,,,,Sentence,23,TRUE
191,一日たりとも勉学を怠ってはいけない。,14,いちにちたりとも、べんがくをおこたってはいけない。,You must not neglect your studies even for a single day.,Không được lơ là việc học dù chỉ một ngày.,131,〜たりとも〜ない,,,,,,,,,,,一日,,たりとも,,勉学,4282,を,,怠って,5482,は,,いけ,,ない,,,,,,,,,,,,,,Sentence,18,TRUE
192,お金であれ名誉であれ彼には興味がない。,14,おかねであれ、めいよであれ、かれにはきょうみがない。,"Whether it’s money or fame, he has no interest in either.",Dù là tiền hay danh vọng thì anh ấy cũng không quan tâm.,132,〜であれ〜であれ,,,,,,,,,,,お金で,535,あれ,535,名誉,4691,であれ,,彼,5080,に,,は,,興味,5769,が,,ない,,,,,,,,,,Sentence,19,TRUE
193,理事長の頼みとあればどんな苦しくても引き受けます。,15,りじちょうのたのみとあれば、どんなくるしくてもひきうけます。,"If it’s the chairman’s request, I’ll take it on no matter how hard it is.",Nếu là lời nhờ của viện trưởng thì dù khó khăn đến đâu tôi cũng sẽ nhận.,133,〜とあれば（条件）,,,,,,,,,,,理事長,1814,の,,頼み,1252,と,,あれば,,どんな,,苦しくて,2438,も,,引き受け,,ます,,,,,,,,,,Sentence,25,TRUE
194,文学といい哲学といい彼は人間の魂を深く理解している。,15,ぶんがくといい、てつがくといい、かれはにんげんのたましいをふかくりかいしている。,"Be it literature or philosophy, he deeply understands the human soul.","Dù là văn học hay triết học, anh ấy đều hiểu sâu sắc về tâm hồn con người.",134,〜といい〜といい（例示）,,,,,,,,,,,文学,2351,といい,,哲学と,2350,いい,,彼は,5080,人間,4655,の,,魂,2413,を,,深く,,理解している,1226,,,,,,,Sentence,26,TRUE
195,教授ともあろう人がそんな基本的な定理を間違えるとは。,15,きょうじゅともあろうひとが、そんなきほんてきなていりをまちがえるとは。,For a professor of all people to make such a basic mistake in a theorem!,Một người là giáo sư mà lại phạm sai lầm cơ bản như vậy sao!,135,〜ともあろう（資格）,,,,,,,,,,,教授,2676,とも,,あろう,,人,511,が,,そんな,,基本的な,,定理,4541,を,,間違える,984,とは,,,,,,,,Sentence,26,TRUE
196,あの若さにして修士課程を修了したのは本当にすごい。,15,あのわかさにしてしゅうしかていをしゅうりょうしたのは、ほんとうにすごい。,It’s amazing that he completed his master’s degree at such a young age.,Thật đáng khâm phục khi anh ấy hoàn thành chương trình thạc sĩ ở độ tuổi trẻ như vậy.,136,〜にして（例外）,,,,,,,,,,,あの,3704,若さ,535,に,,して,,修士課程,,を,,修了した,,の,,は,,本当に,976,すごい,3318,,,,,,,Sentence,25,TRUE
197,近年の人工知能の進化は過去にもまして目覚ましい。,15,きんねんのじんこうちのうのしんかは、かこにもましてめざましい。,The progress of artificial intelligence in recent years is more remarkable than ever before.,Sự phát triển của trí tuệ nhân tạo trong những năm gần đây còn ấn tượng hơn bao giờ hết.,137,〜にもまして（比較）,,,,,,,,,,,近年,2943,の,,人工知能,2037,の,,進化,2940,は,,過去,2867,にも,,まして,,目覚ましい,,,,,,,,,,Sentence,24,TRUE
198,本日をもって彼女は市長に就任しました。,15,ほんじつをもって、かのじょはしちょうにしゅうにんしました。,"As of today, she has assumed the position of mayor.","Kể từ hôm nay, cô ấy đã chính thức nhậm chức thị trưởng.",138,〜をもって（手段・期限）,,,,,,,,,,,本日,5770,を,,もって,,彼女,5079,は,,市長,3835,に,,就任,5776,しました,,,,,,,,,,,,Sentence,19,TRUE
199,青年は勝利を得んがために命をかけて戦った。,15,せいねんはしょうりをえんがために、いのちをかけてたたかった。,"The young man fought, risking his life, in order to gain victory.",Chàng thanh niên đã liều mạng chiến đấu để giành chiến thắng.,139,〜んがために（目的）,,,,,,,,,,,青年,2281,は,,勝利,5771,を,,得ん,,がため,,に,,命,2437,を,,かけて,,戦った,2944,,,,,,,Sentence,21,TRUE
200,お母さんはりんごが好きです。,1,おかあさんはりんごがすきです。,My mother likes apples.,Mẹ tôi thích táo.,163,〜が好きです 形容動詞 好き嫌いの表現,,,,,,,,,,,お母さん,87,は,,りんご,191,が,,好き,395,です,,,,,,,,,,,,,,,,,,Sentence,14,TRUE
201,お兄さんは犬が嫌いです。,1,おにいさんはいぬがきらいです。,My older brother dislikes dogs.,Anh trai tôi ghét chó.,164,〜が嫌いです 形容動詞 好き嫌いの表現,,,,,,,,,,,お兄さん,89,は,,犬,2,が,,嫌い,396,です,,,,,,,,,,,,,,,,,,Sentence,12,TRUE
202,彼は歌が上手です。,3,かれはうたがじょうずです。,He is good at singing.,Anh ấy hát giỏi.,165,〜が上手です 形容動詞 能力の評価,,,,,,,,,,,彼,5080,は,,歌,664,が,,上手,393,です,,,,,,,,,,,,,,,,,,Sentence,9,TRUE
203,私は料理が下手です。,3,わたしはりょうりがへたです。,I am bad at cooking.,Tôi nấu ăn dở.,166,〜が下手です 形容動詞 能力の評価,,,,,,,,,,,私,5074,は,,料理,159,が,,下手,394,です,,,,,,,,,,,,,,,,,,Sentence,10,TRUE
204,先生は英語がわかります。,2,せんせいはえいごがわかります。,The teacher understands English.,Thầy (hoặc cô) hiểu tiếng Anh.,167,〜がわかります 動詞 理解を表す,,,,,,,,,,,先生,29,は,,英語,47,が,,わかり,741,ます,,,,,,,,,,,,,,,,,,Sentence,12,TRUE
205,ここに家があります。,3,ここにいえがあります。,There is a house here.,Ở đây có một ngôi nhà.,169,〜があります（所有） 動詞 所有を表す,,,,,,,,,,,ここ,5087,に,,家,64,が,,あり,,ます,,,,,,,,,,,,,,,,,,Sentence,10,TRUE
206,パンを三つぐらい食べました。,3,パンをみっつぐらいたべました。,I ate about three pieces of bread.,Tôi đã ăn khoảng ba cái bánh mì.,173,数量詞＋ぐらい/くらい 副助詞 概数を表す,,,,,,,,,,,パン,161,を,,三つ,11,ぐらい,,食べ,309,まし,,た,,,,,,,,,,,,,,,,Sentence,14,TRUE
207,一緒に行きましょうか。,2,いっしょにいきましょうか。,Shall we go together?,Chúng ta đi cùng nhau nhé?,174,Vましょうか 勧誘・申し出 提案や申し出,,,,,,,,,,,一緒,591,に,,行き,271,ましょう,,か,,,,,,,,,,,,,,,,,,,,Sentence,11,TRUE
208,家までどう帰りますか。,4,いえまでどうかえりますか。,How will you go home?,Bạn sẽ về nhà bằng cách nào?,170,どう 疑問詞 様態の疑問,,,,,,,,,,,家,64,まで,5751,どう,,帰り,272,ます,,か,,,,,,,,,,,,,,,,,,Sentence,11,TRUE
209,どの果物が一番おいしいですか。,4,どのくだものがいちばんおいしいですか。,Which fruit is the most delicious?,Trái cây nào ngon nhất?,171,どの 連体詞 疑問の連体修飾,,,,,,,,,,,どの,409,果物,567,が,,一番,661,おいしい,405,です,,か,,,,,,,,,,,,,,,,Sentence,15,TRUE
210,どんな食べ物が好きですか。,4,どんなたべものがすきですか。,What kind of food do you like?,Bạn thích loại món ăn nào?,172,どんな 連体詞 疑問の連体修飾,,,,,,,,,,,どんな,5789,食べ物,158,が,,好き,395,です,,か,,,,,,,,,,,,,,,,,,Sentence,13,TRUE
211,私は友だちにプレゼントをあげました。,6,わたしはともだちにプレゼントをあげました。,I gave my friend a present.,Tôi đã tặng quà cho bạn tôi.,175,〜てあげる 授受表現 恩恵の授受,,,,,,,,,,,私,5074,は,,友だち,83,に,,プレゼント,4910,を,,あげ,,ました,,,,,,,,,,,,,,Sentence,18,TRUE
212,先生は私に日本語を教えてくれました。,6,せんせいは、わたしににほんごをおしえてくれました。,The teacher taught me Japanese.,Thầy (cô) đã dạy tiếng Nhật cho tôi.,176,〜てくれる 授受表現 恩恵の授受,,,,,,,,,,,先生,29,は,,私,5074,に,,日本語,44,を,,教えて,315,くれました,,,,,,,,,,,,,,Sentence,18,TRUE
213,私は先生に日本語を教えてもらいました。,6,わたしは、せんせいににほんごをおしえてもらいました。,I was taught Japanese by my teacher.,Tôi đã được thầy (cô) dạy tiếng Nhật.,177,〜てもらう 授受表現 恩恵の授受,,,,,,,,,,,私,5074,は,,先生,29,に,,日本語,44,を,,教えて,315,もらいました,,,,,,,,,,,,,,Sentence,19,TRUE
214,明日は雨が降るかもしれません。,4,あしたはあめがふるかもしれません。,It might rain tomorrow.,Ngày mai có thể trời sẽ mưa.,178,〜かもしれません 推量 可能性を表す,,,,,,,,,,,明日,248,は,,雨,582,が,,降る,638,かも,,しれ,,ません,,,,,,,,,,,,,,Sentence,15,TRUE
215,あの人は学生のようです。,5,あのひとはがくせいのようです。,That person seems to be a student.,Người đó có vẻ là sinh viên.,179,〜ようだ（推量） 推量 推量・比況,,,,,,,,,,,あの,3704,人,,は,,学生,34,の,,よう,,です,,,,,,,,,,,,,,,,Sentence,12,TRUE
217,彼はこの駅に来るはずです。,6,かれはこのえきにくるはずです。,He is supposed to come to this station.,Anh ấy chắc sẽ đến ga này.,181,〜はずです 推量 当然の推量,,,,,,,,,,,彼,5080,は,,この,,駅,573,に,,来る,327,はず,,です,,,,,,,,,,,,,,Sentence,13,TRUE
218,お父さんはビールを全部飲んでしまいました。,6,おとうさんはビールをぜんぶのんでしまいました。,My father drank all the beer.,Bố tôi đã uống hết bia rồi.,182,〜てしまう（完了） 補助動詞 完了・残念,,,,,,,,,,,お父さん,85,は,,ビール,185,を,,全部,1465,飲んで,273,しまい,,ました,,,,,,,,,,,,,,Sentence,21,TRUE
219,これから日本で働いていきたいです。,6,これから、にほんではたらいていきたいです。,I want to keep working in Japan from now on.,Tôi muốn tiếp tục làm việc ở Nhật từ bây giờ.,183,〜ていく 補助動詞 方向・変化,,,,,,,,,,,これから,593,日本,37,で,,働いて,270,いき,,たい,,です,,,,,,,,,,,,,,,,Sentence,17,TRUE
220,弟がここまで走ってきました。,6,おとうとがここまではしってきました。,My younger brother ran all the way here.,Em trai tôi đã chạy đến tận đây.,184,〜てくる 補助動詞 方向・変化,,,,,,,,,,,弟,92,が,,ここ,5087,まで,5751,走って,634,きました,,,,,,,,,,,,,,,,,,Sentence,14,TRUE
221,天気予報によると明日は晴れるそうです。,5,てんきよほうによると、あしたははれるそうです。,"According to the weather forecast, it will be sunny tomorrow.","Theo dự báo thời tiết, ngày mai trời sẽ nắng.",185,〜によると/〜そうです（伝聞） 助詞 情報源,,,,,,,,,,,天気予報,1720,に,,よる,,と,,明日,248,は,,晴れる,5763,そうです,,,,,,,,,,,,,,Sentence,19,TRUE
222,日本の文化について勉強しています。,5,にほんのぶんかについて、べんきょうしています。,I’m studying about Japanese culture.,Tôi đang học về văn hóa Nhật Bản.,186,〜について 助詞 話題,,,,,,,,,,,日本,37,の,,文化,969,に,,ついて,,勉強,325,して,,います,,,,,,,,,,,,,,Sentence,17,TRUE
223,これは桜という花です。,6,これはさくらというはなです。,This is a flower called sakura.,Đây là loài hoa gọi là sakura (hoa anh đào).,187,〜という（定義） 助詞 定義・名詞修飾,,,,,,,,,,,これ,695,は,,桜,2022,と,,いう,,花,146,です,,,,,,,,,,,,,,,,Sentence,11,TRUE
224,誰でもこの公園に入れます。,5,だれでもこのこうえんにはいれます。,Anyone can enter this park.,Ai cũng có thể vào công viên này.,188,疑問詞＋〜でも 不定表現 全面肯定,,,,,,,,,,,誰,400,でも,,この,693,公園,70,に,,入れ,651,ます,,,,,,,,,,,,,,,,Sentence,13,TRUE
225,忙しいと食事を忘れがちです。,9,いそがしいと、しょくじをわすれがちです。,"When I'm busy, I tend to forget to eat.","Khi bận rộn, tôi hay quên ăn.",189,,,,,,,,,,,,忙しい,385,と,,食事,705,を,,忘れ,735,がち,,です,,,,,,,,,,,,,,,,Sentence,14,TRUE
226,その車の色は黒っぽかったです。,8,そのくるまのいろは、くろっぽかったです。,The color of that car looked kind of black.,Màu của chiếc xe đó trông hơi đen.,190,,,,,,,,,,,,その,3703,車,195,の,,色,,は,,黒っぽ,,かった,,です,,,,,,,,,,,,,,Sentence,15,TRUE
227,妹は一昨日から少し風邪気味です。,9,いもうとはおとといからすこしかぜぎみです。,My younger sister has had a slight cold since the day before yesterday.,Em gái tôi bị cảm nhẹ từ hôm kia.,191,,,,,,,,,,,,妹,93,は,,一昨日,245,から,,少し,343,風邪,2430,気味,5799,です,,,,,,,,,,,,,,Sentence,16,TRUE
228,その猫は寂しげに鳴きました。,9,そのねこはさびしげになきました。,The cat meowed as if it were lonely.,Con mèo kêu nghe có vẻ cô đơn.,192,,,,,,,,,,,,その,3703,猫,1,は,,寂し,375,げ,,に,,鳴き,927,ました,,,,,,,,,,,,,,Sentence,14,TRUE
229,日本にいるうちに京都へ行きたいです。,8,にほんにいるうちに、きょうとへいきたいです。,I want to go to Kyoto while I’m in Japan.,Tôi muốn đi Kyoto trong khi còn ở Nhật.,193,,,,,,,,,,,,日本,37,に,,いる,,うち,,に,,京都,2654,へ,,行きたい,271,です,,,,,,,,,,,,Sentence,18,TRUE
230,先生のおかげで日本語が上手になりました。,7,せんせいのおかげで、にほんごがじょうずになりました。,"Thanks to my teacher, my Japanese has improved.",Nhờ thầy giáo mà tiếng Nhật của tôi đã tiến bộ.,194,,,,,,,,,,,,先生,29,の,,おかげ,2675,で,,日本語,44,が,,上手,393,に,,なりました,,,,,,,,,,,,Sentence,20,TRUE
231,雨のせいで電車が遅れました。,7,あめのせいで、でんしゃがおくれました。,"Because of the rain, the train was delayed.",Vì mưa nên tàu bị trễ.,195,,,,,,,,,,,,雨,582,の,,せい,,で,,電車,200,が,,遅れ,1261,まし,,た,,,,,,,,,,,,Sentence,14,TRUE
232,明日の予定に関してお知らせします。,7,あしたのよていにかんしておしらせします。,I will inform you about tomorrow’s schedule.,Tôi xin thông báo về lịch trình ngày mai.,196,,,,,,,,,,,,明日,248,の,,予定,1285,に,,関して,,お知らせ,5797,します,,,,,,,,,,,,,,,,Sentence,17,TRUE
233,準備ができ次第出発してください。,8,じゅんびができしだい、しゅっぱつしてください。,Please depart as soon as you are ready.,Hãy khởi hành ngay sau khi chuẩn bị xong.,197,,,,,,,,,,,,準備,842,が,,でき,,次第,,出発,839,し,,て,,ください,,,,,,,,,,,,,,Sentence,16,TRUE
234,私が見る限りおじいさんは元気です。,9,わたしがみるかぎり、おじいさんはげんきです。,"As far as I can see, the old man looks fine.",Theo tôi thấy thì ông cụ trông khỏe mạnh.,198,,,,,,,,,,,,私,5074,が,,見る,7,限り,2658,おじいさん,106,は,,元気,587,です,,,,,,,,,,,,,,Sentence,17,TRUE
235,日本語を勉強する上で復習はとても大切です。,8,にほんごをべんきょうするうえで、ふくしゅうはとてもたいせつです。,"In studying Japanese, reviewing is very important.","Khi học tiếng Nhật, việc ôn tập là rất quan trọng.",199,,,,,,,,,,,,日本語,44,を,,勉強する,325,上,518,で,,復習,332,は,,とても,,大切です,,,,,,,,,,,,Sentence,21,TRUE
236,悩んだあげくその仕事をやめました。,9,なやんだあげく、そのしごとをやめました。,"After much hesitation, I quit the job.","Sau khi đắn đo nhiều, tôi đã nghỉ việc đó.",200,,,,,,,,,,,,悩ん,1606,だ,,あげく,,その,,仕事,1447,を,,やめ,5800,ました,,,,,,,,,,,,,,Sentence,17,TRUE
237,長い話し合いの末に決まりました。,9,ながいはなしあいのすえにきまりました。,It was decided after a long discussion.,"Sau cuộc thảo luận dài, quyết định đã được đưa ra.",201,,,,,,,,,,,,長い,362,話し,294,合い,,の,,末,5796,に,,決まり,804,ました,,,,,,,,,,,,,,Sentence,16,TRUE
238,母は子供を育てつつ学校にも通っています。,7,はははこどもをそだてつつ、がっこうにもかよっています。,My mother is raising her child while also going to school.,Mẹ tôi vừa nuôi con vừa đi học.,202,,,,,,,,,,,,母は,86,子供,104,を,,育て,868,つつ,,学校,65,にも,,通って,795,います,,,,,,,,,,,,Sentence,20,TRUE
239,やるからには最後までがんばります。,8,やるからには、さいごまでがんばります。,"Since I’m doing it, I’ll do my best until the end.",Một khi đã làm thì tôi sẽ cố gắng đến cùng.,203,,,,,,,,,,,,やる,5721,から,,に,,は,,最後,825,まで,,がんばり,1287,ます,,,,,,,,,,,,,,Sentence,17,TRUE
240,兄は車を買ったもののあまり乗っていません。,8,あにはくるまをかったものの、あまりのっていません。,"My older brother bought a car, but he doesn’t drive it much.",Anh trai tôi đã mua xe nhưng ít khi lái.,204,,,,,,,,,,,,兄,88,は,,車,195,を,,買った,275,ものの,,あまり,,乗って,718,いません,,,,,,,,,,,,Sentence,21,TRUE
241,貧しいながらも家族は幸せに暮らしています。,8,まずしいながらも、かぞくはしあわせにくらしています。,"Although poor, the family lives happily.",Dù nghèo nhưng gia đình vẫn sống hạnh phúc.,205,,,,,,,,,,,,貧しい,5795,ながら,,も,,家族,82,は,,幸せ,5798,に,,暮らして,5802,います,,,,,,,,,,,,Sentence,21,TRUE
242,一人暮らしは自由な反面寂しさも感じます。,9,ひとりぐらしはじゆうなはんめん、さびしさもかんじます。,"Living alone gives you freedom, but also loneliness.",Sống một mình thì tự do nhưng cũng cảm thấy cô đơn.,206,,,,,,,,,,,,一人暮らし,,は,,自由,834,な,,反面,5187,寂しさ,375,も,,感じ,2686,ます,,,,,,,,,,,,Sentence,20,TRUE
243,勉強する一方でアルバイトもしています。,9,べんきょうするいっぽうで、アルバイトもしています。,"I study, but at the same time I also have a part-time job.",Tôi vừa học vừa làm thêm.,207,,,,,,,,,,,,勉強,325,する,,一方,1630,で,,アルバイト,1231,も,,して,,い,,ます,,,,,,,,,,,,Sentence,19,TRUE
244,彼は日本語どころか英語も話せません。,9,かれは、にほんごどころかえいごもはなせません。,"He can’t even speak English, let alone Japanese.",Anh ta không những không nói được tiếng Nhật mà cả tiếng Anh cũng không.,208,,,,,,,,,,,,彼,5080,は,,日本語,44,どころか,,英語,47,も,,話せ,,ません,,,,,,,,,,,,,,Sentence,18,TRUE
245,この数学の教科書は中学生向きです。,8,このすうがくのきょうかしょはちゅうがくせいむきです。,This math textbook is suitable for junior high school students.,Cuốn sách toán này phù hợp cho học sinh trung học cơ sở.,209,,,,,,,,,,,,この,693,数学,1021,の,,教科書,808,は,,中学生,900,向き,2704,です,,,,,,,,,,,,,,Sentence,17,TRUE
246,朝ごはん抜きで学校へ走りました。,7,あさごはんぬきで、がっこうへはしりました。,I ran to school without breakfast.,Tôi chạy đến trường mà không ăn sáng.,211,,,,,,,,,,,,朝ごはん,171,抜き,1597,で,,学校,65,へ,,走り,634,ました,,,,,,,,,,,,,,,,Sentence,16,TRUE
247,支払いは消費税込みで千円です。,7,しはらいは、しょうひぜいこみでせんえんです。,"The payment is 1,000 yen including tax.","Tổng số tiền thanh toán là 1.000 yên, bao gồm thuế.",212,,,,,,,,,,,,支払い,1090,は,,消費税,1404,込み,,で,,千円,,です,,,,,,,,,,,,,,,,Sentence,15,TRUE
248,病気にもかかわらず父は会社へ行きました。,10,びょうきにもかかわらず、ちちはかいしゃへいきました。,"Despite being sick, my father went to work.","Mặc dù bị bệnh, bố tôi vẫn đi làm.",213,〜にもかかわらず 逆接 逆接,,,,,,,,,,,病気,2151,に,,も,,かかわら,,ず,,父,84,は,,会社,52,へ,,行きました,271,,,,,,,,,Sentence,20,TRUE
249,慌てていたとはいえ宛先を間違ってしまうなんて。,11,あわてていたとはいえ、あてさきをまちがってしまうなんて。,"Even though I was in a hurry, I can’t believe I sent it to the wrong address.","Dù đang vội, thật khó tin là tôi lại gửi nhầm địa chỉ.",214,〜とはいえ 逆接 逆接,,,,,,,,,,,慌てて,2929,いた,,と,,は,,いえ,,宛先,4493,を,,間違って,2900,しまう,,なんて,,,,,,,,,,Sentence,23,TRUE
250,今日は雨ばかりか雪まで降っています。,11,きょうは、あめばかりかゆきまでふっています。,"Today, not only is it raining, but it’s also snowing.",Hôm nay không chỉ mưa mà còn có tuyết rơi.,215,〜ばかりか 追加 追加,,,,,,,,,,,今日,247,は,,雨,582,ばかりか,,雪,583,まで,,降って,638,います,,,,,,,,,,,,,,Sentence,18,TRUE
251,彼は日本語だけでなく英語も話せます。,10,かれはにほんごだけでなくえいごもはなせます。,He can speak not only Japanese but also English.,Anh ấy không chỉ nói được tiếng Nhật mà còn nói được tiếng Anh.,216,〜だけでなく 追加 追加,,,,,,,,,,,彼,5080,は,,日本語,44,だけ,,で,,なく,,英語,47,も,,話せ,294,ます,,,,,,,,,,Sentence,18,TRUE
252,祖母は怒っていたというより悲しそうでした。,10,そぼは、おこっていたというよりかなしそうでした。,My grandmother looked more sad than angry.,Bà tôi trông có vẻ buồn hơn là giận.,217,〜というより 訂正 訂正,,,,,,,,,,,祖母,107,は,,怒って,292,いた,,と,,いう,,より,,悲しそう,373,でした,,,,,,,,,,,,Sentence,21,TRUE
253,彼の話し方からして先生のようです。,10,かれのはなしかたからして、せんせいのようです。,"Judging from the way he speaks, he seems like a teacher.","Nhìn cách anh ấy nói chuyện, có vẻ anh ấy là giáo viên.",218,〜ことから 理由・由来 理由・判断根拠,,,,,,,,,,,彼,5080,の,,話し方,,から,,して,,先生,29,の,,よう,,です,,,,,,,,,,,,Sentence,17,TRUE
254,君がもっと早く知らせてくれればよかったものを。,12,きみがもっとはやくしらせてくれれば、よかったものを。,I wish you had told me earlier.,Giá mà bạn nói cho tôi sớm hơn thì tốt rồi.,219,〜ものを 残念 残念な気持ち,,,,,,,,,,,君,5076,が,,もっと,,早く,,知らせて,2960,くれれ,,ば,,よかった,,もの,,を,,,,,,,,,,Sentence,23,TRUE
255,今から行ったところで間に合わないでしょう。,10,いまからいったところで、まにあわないでしょう。,"Even if we go now, we probably won’t make it in time.",Dù bây giờ có đi thì chắc cũng không kịp đâu.,220,〜たところで 仮定逆接 仮定逆接,,,,,,,,,,,今,507,から,600,行った,271,ところ,,で,,間に合わ,1260,ない,,でしょう,,,,,,,,,,,,,,Sentence,21,TRUE
256,このレストランは入口からして高そうです。,12,このレストランは、いりぐちからしてたかそうです。,This restaurant looks expensive even from the entrance.,Nhà hàng này trông đã sang trọng ngay từ lối vào.,221,〜からして 判断根拠 判断の根拠,,,,,,,,,,,この,693,レストラン,55,は,,入口,716,から,,して,,高そう,348,です,,,,,,,,,,,,,,Sentence,20,TRUE
257,社会人ともなると責任が重くなります。,11,しゃかいじんともなると、せきにんがおもくなります。,"Once you become a working adult, your responsibilities increase.","Khi trở thành người đi làm, trách nhiệm sẽ nặng nề hơn.",222,〜ともなると 条件 地位・状況,,,,,,,,,,,社会人,1191,とも,,なる,,と,,責任,1556,が,,重く,739,なり,,ます,,,,,,,,,,,,Sentence,18,TRUE
258,夫は家に帰るなり寝てしまいました。,11,おっとはいえにかえるなり、ねてしまいました。,My husband fell asleep as soon as he got home.,Chồng tôi vừa về đến nhà là ngủ ngay.,223,〜なり 即座 即座の行動,,,,,,,,,,,夫,99,は,,家,64,に,,帰る,272,なり,,寝て,308,しまい,,ました,,,,,,,,,,,,Sentence,17,TRUE
259,先生が入るや否や学生たちは立ちました。,11,せんせいがはいるやいなや、がくせいたちはたちました。,"As soon as the teacher entered, the students stood up.","Ngay khi thầy bước vào, các học sinh đều đứng dậy.",224,〜や否や 即座 即座の行動,,,,,,,,,,,先生,29,が,,入る,651,や,,否や,,学生たち,34,は,,立ち,295,ました,,,,,,,,,,,,Sentence,19,TRUE
260,そんなことを言うと誤解を招きかねません。,11,そんなことをいうと、ごかいをまねきかねません。,Saying something like that could cause a misunderstanding.,Nói như vậy có thể gây ra hiểu lầm đấy.,225,〜かねない 可能性 悪い可能性,,,,,,,,,,,そんな,5811,こと,,を,,言う,,と,,誤解,1548,を,,招き,2841,かね,,ません,,,,,,,,,,Sentence,20,TRUE
261,プロにはなれないまでも趣味として続けたいです。,12,プロにはなれないまでも、しゅみとしてつづけたいです。,"Even if I can’t become a professional, I want to continue as a hobby.","Dù không thể trở thành chuyên nghiệp, tôi vẫn muốn tiếp tục như một sở thích.",226,〜ないまでも 譲歩 譲歩,,,,,,,,,,,プロ,2603,に,,は,,なれ,,ない,,までも,,趣味,2958,として,,続けたい,888,です,,,,,,,,,,Sentence,23,TRUE
262,その選手は日本のみならず外国でも大人気です。,11,そのせんしゅはにほんのみならず、がいこくでもだいにんきです。,That athlete is very popular not only in Japan but also overseas.,Vận động viên đó không chỉ nổi tiếng ở Nhật mà còn ở nước ngoài.,227,〜のみならず 追加 追加,,,,,,,,,,,その,3703,選手,771,は,,日本,37,のみ,,ならず,,外国,2057,でも,,大人気,933,です,,,,,,,,,,Sentence,22,TRUE
263,彼は漢字はおろかひらがなも読めません。,12,かれはかんじはおろか、ひらがなもよめません。,"He can’t even read hiragana, let alone kanji.","Anh ấy đến hiragana còn không đọc được, nói gì đến kanji.",228,〜はおろか 追加強調 追加強調,,,,,,,,,,,彼,5080,は,,漢字,682,は,,おろか,,ひらがな,2700,も,,読め,274,ません,,,,,,,,,,,,Sentence,19,TRUE
264,この漫画は子どもに限らず大人でも楽しめます。,10,このまんがはこどもにかぎらず、おとなでもたのしめます。,This comic can be enjoyed not only by children but also by adults.,Truyện tranh này không chỉ trẻ em mà người lớn cũng có thể thưởng thức.,229,〜に限らず 範囲 範囲の拡大,,,,,,,,,,,この,693,漫画,2094,は,,子ども,104,に,,限ら,,ず,,大人,539,でも,,楽しめます,374,,,,,,,,,Sentence,22,TRUE
265,この試合を皮切りに彼の活躍が始まりました。,12,このしあいをかわきりに、かれのかつやくがはじまりました。,His success began with this match.,Trận đấu này là khởi đầu cho sự tỏa sáng của anh ấy.,230,〜を皮切りに 開始 開始点,,,,,,,,,,,この,693,試合,832,を,,皮切り,,に,,彼,5080,の,,活躍,5813,が,,始まりました,1248,,,,,,,,,Sentence,21,TRUE
266,今日はいいことずくめの一日でしたね。,12,きょうは、いいことずくめのいちにちでしたね。,Today was a day full of good things.,Hôm nay đúng là một ngày toàn chuyện vui.,231,〜ずくめ 全面 全て同じ状態,,,,,,,,,,,今日,247,は,,いい,,こと,,ずくめ,,の,,一日,,でした,,ね,,,,,,,,,,,,Sentence,18,TRUE
267,兄は片付けないので部屋がゴミだらけです。,10,あにはかたづけないので、へやがゴミだらけです。,"My brother never cleans up, so his room is full of trash.",Anh trai tôi không bao giờ dọn dẹp nên phòng toàn rác.,232,〜だらけ 多数 マイナスの多数,,,,,,,,,,,兄,88,は,,片付け,675,ない,,ので,,部屋,224,が,,ゴミ,3272,だらけ,,です,,,,,,,,,,Sentence,20,TRUE
268,校庭で転んで泥まみれになりました。,11,こうていでころんで、どろまみれになりました。,I fell in the schoolyard and got covered in mud.,Tôi bị ngã ở sân trường và toàn thân dính đầy bùn.,233,〜まみれ 付着 覆われている,,,,,,,,,,,校庭,3334,で,,転ん,891,で,,泥,2860,まみれ,,に,,なり,,ました,,,,,,,,,,,,Sentence,17,TRUE
269,この道路は工事中につき通行できません。,10,このどうろはこうじちゅうにつき、つうこうできません。,This road is closed due to construction.,Con đường này đang thi công nên không thể đi qua.,234,〜につき 理由・告知 理由・告知,,,,,,,,,,,この,693,道路,1392,は,,工事中,,に,,つき,,通行,5812,でき,,ません,,,,,,,,,,,,Sentence,19,TRUE
270,苦労しただけに成功の喜びも大きかったです。,12,くろうしただけに、せいこうのよろこびもおおきかったです。,"Because I struggled a lot, the joy of success was even greater.",Vì đã vất vả nhiều nên niềm vui khi thành công càng lớn hơn.,235,〜だけに 理由 当然の理由,,,,,,,,,,,苦労,1545,した,,だけ,,に,,成功,1024,の,,喜び,733,も,,大きかった,346,です,,,,,,,,,,Sentence,21,TRUE
271,行くにせよ行かないにせよ早めに決めてください。,12,いくにせよいかないにせよ、はやめにきめてください。,"Whether you go or not, please decide soon.",Dù đi hay không đi thì cũng hãy quyết định sớm nhé.,236,〜にせよ 譲歩 譲歩,,,,,,,,,,,行くに,271,せよ,,行か,271,ない,,にせよ,,早めに,2745,決め,805,て,,ください,,,,,,,,,,,,Sentence,23,TRUE
272,子どもといえども約束は守らなければなりません。,11,こどもといえども、やくそくはまもらなければなりません。,Even children must keep their promises.,Dù là trẻ con cũng phải giữ lời hứa.,238,〜といえども 譲歩 譲歩,,,,,,,,,,,子ども,104,と,,いえども,,約束,5116,は,,守ら,1282,なけれ,,ば,,なり,,ません,,,,,,,,,,Sentence,23,TRUE
273,行けるものなら宇宙へ行ってみたいです。,13,いけるものなら、うちゅうへいってみたいです。,"If I could, I’d like to go to space.","Nếu có thể, tôi muốn đi vào vũ trụ.",239,〜ものなら 仮定 実現困難な仮定,,,,,,,,,,,行ける,271,もの,,なら,,宇宙,1715,へ,,行って,271,みたい,,です,,,,,,,,,,,,,,Sentence,19,TRUE
274,努力なくして成功はありません。,15,どりょくなくして、せいこうはありません。,There is no success without effort.,Không có thành công nào mà không có nỗ lực.,240,〜なくして 否定条件 否定条件,,,,,,,,,,,努力,1337,なく,,して,,成功,1024,は,,あり,,ません,,,,,,,,,,,,,,,,Sentence,15,TRUE
275,スマホを見るともなく見ていたら通知が届いた。,13,スマホをみるともなくみていたら、つうちがとどいた。,I was looking at my phone absentmindedly when a notification arrived.,Tôi nhìn điện thoại một cách vô thức thì có thông báo đến.,241,〜ともなく 無意識 無意識の行動,,,,,,,,,,,スマホ,1531,を,,見る,7,とも,,なく,,見て,7,いたら,,通知,4317,が,,届いた,912,,,,,,,,,Sentence,22,TRUE
276,彼の態度は失礼極まりない。,14,かれのたいどはしつれいきわまりない。,His attitude is extremely rude.,Thái độ của anh ta vô cùng thô lỗ.,242,〜極まりない 極度 極度の状態,,,,,,,,,,,彼,5080,の,,態度,1558,は,,失礼,4793,極まり,,ない,,,,,,,,,,,,,,,,Sentence,13,TRUE
277,暖かいご支援をいただき感謝の念に堪えません。,14,あたたかいごしえんをいただき、かんしゃのねんにたえません。,I am deeply grateful for your warm support.,Tôi vô cùng biết ơn sự giúp đỡ ấm áp của mọi người.,243,〜に堪えない 強い感情 耐えられない,,,,,,,,,,,暖かい,380,ご支援,5364,を,,いただき,,感謝,1116,の,,念,,に,,堪え,,ません,,,,,,,,,,Sentence,22,TRUE
278,試験の結果が気になってならない。,13,しけんのけっかがきになってならない。,I can’t stop worrying about the exam results.,Tôi không thể ngừng lo lắng về kết quả kỳ thi.,244,〜てならない 強い感情 抑えられない感情,,,,,,,,,,,試験,698,の,,結果,1002,が,,気に,,なって,,なら,,ない,,,,,,,,,,,,,,Sentence,16,TRUE
279,祖父の話を聞いて笑わずにはいられなかった。,13,そふのはなしをきいて、わらわずにはいられなかった。,I couldn’t help but laugh when I heard my grandfather’s story.,Tôi không thể nhịn cười khi nghe câu chuyện của ông tôi.,246,〜ずにはいられない 抑制不能 抑えられない,,,,,,,,,,,祖父,105,の,,話,1455,を,,聞いて,278,笑わず,285,には,,いられ,,なかった,,,,,,,,,,,,Sentence,21,TRUE
280,あの人はこの大学の学長に相違ない。,14,あのひとはこのだいがくのがくちょうにそういない。,That person must be the president of this university.,Người đó chắc chắn là hiệu trưởng của trường đại học này.,247,〜に相違ない 確信 確信,,,,,,,,,,,あの,3704,人,,は,,この,,大学,66,の,,学長,5821,に,,相違,5826,ない,,,,,,,,,,Sentence,17,TRUE
281,前回の成功はみんなの協力の結果に他ならない。,14,ぜんかいのせいこうは、みんなのきょうりょくのけっかにほかならない。,The last success was nothing but the result of everyone’s cooperation.,Thành công lần trước chính là nhờ sự hợp tác của mọi người.,248,〜に他ならない 断定 まさに,,,,,,,,,,,前回の,5814,成功,1024,は,,みんなの,728,協力,1338,の,,結果,1002,に,,他,5827,なら,,ない,,,,,,,,Sentence,22,TRUE
282,今日を限りにタバコをやめます。,15,きょうをかぎりにタバコをやめます。,I will quit smoking as of today.,Từ hôm nay tôi sẽ bỏ thuốc lá.,249,〜を限りに 期限 期限・最後,,,,,,,,,,,今日,247,を,,限り,2658,に,,タバコ,2487,を,,やめます,2249,,,,,,,,,,,,,,,Sentence,15,#REF!
283,彼をおいてこの仕事を任せられる人はいない。,14,かれをおいて、このしごとをまかせられるひとはいない。,There’s no one but him I can trust with this job.,Không ai ngoài anh ấy có thể được giao công việc này.,250,〜をおいて〜ない 唯一 唯一の存在,,,,,,,,,,,彼,5080,を,,おいて,,この,,仕事,1447,を,,任せ,5822,られる,,人,511,は,,いない,,,,,,,,Sentence,21,TRUE
284,お花見は日本ならではの文化です。,14,おはなみは、にほんならではのぶんかです。,Cherry blossom viewing is a culture unique to Japan.,Ngắm hoa anh đào là nét văn hóa đặc trưng của Nhật Bản.,251,〜ならでは 特有 特有の性質,,,,,,,,,,,お花見,3877,は,,日本,37,なら,,では,,の,,文化,969,です,,,,,,,,,,,,,,Sentence,16,TRUE
285,電車が止まるか止まらないかのうちに乗客が立ち上がった。,13,でんしゃがとまるかとまらないかのうちに、じょうきゃくがたちあがった。,The passengers stood up the moment the train stopped.,Hành khách đứng dậy ngay khi tàu vừa dừng lại.,252,〜か〜ないかのうちに 即座 極めて短時間,,,,,,,,,,,電車が,200,止まる,2251,か,,止まら,2251,ないか,,の,,うちに,,乗客,5824,が,,立ち,295,上がった,5830,,,,,,,Sentence,27,TRUE
286,赤ちゃんが泣くが早いか母親が抱き上げた。,13,あかちゃんがなくがはやいか、ははおやがだきあげた。,The mother picked up the baby as soon as it started crying.,"Vừa khi em bé khóc, người mẹ đã bế lên.",253,〜が早いか 即座 即座の行動,,,,,,,,,,,赤ちゃん,2242,が,,泣く,291,が,,早い,364,か,,母親が,2555,抱き,2452,上げた,1304,,,,,,,,,,,Sentence,20,TRUE
287,心配のあまり食事もできなかった。,15,しんぱいのあまり、しょくじもできなかった。,I was so worried that I couldn’t even eat.,Vì quá lo lắng nên tôi không thể ăn được.,254,〜あまり 過度 過度の原因,,,,,,,,,,,心配,1268,の,,あまり,338,食事,705,も,,でき,,なかった,,,,,,,,,,,,,,,,Sentence,16,TRUE
288,部長は真面目な性格ゆえにみんなに信頼されている。,14,ぶちょうはまじめなせいかくゆえにみんなにしんらいされている。,The manager is trusted by everyone because of his serious nature.,Trưởng phòng được mọi người tin tưởng vì tính cách nghiêm túc.,255,〜ゆえに 理由 文語的理由,,,,,,,,,,,部長,1445,は,,真面目,1265,な,,性格,3125,ゆえ,,に,,みんな,,に,,信頼,1113,されている,,,,,,,,Sentence,24,TRUE
289,社長に言った手前もうやめるとは言えません。,15,しゃちょうにいったてまえ、もうやめるとはいえません。,"Since I told the president, I can’t say I’ll quit now.",Vì đã nói với giám đốc nên tôi không thể nói là sẽ bỏ được.,256,〜手前 立場 立場上の理由,,,,,,,,,,,社長,1444,に,,言った,293,手前,1472,もう,,やめる,5818,と,,は,,言え,293,ません,,,,,,,,,,Sentence,21,TRUE
290,事件を解決すべく関係者全員の証言を集めました。,14,じけんをかいけつすべく、かんけいしゃぜんいんのしょうげんをあつめました。,We gathered testimonies from everyone involved to solve the case.,Chúng tôi đã thu thập lời khai của tất cả những người có liên quan để giải quyết vụ án.,257,〜べく 目的 文語的目的,,,,,,,,,,,事件,1016,を,,解決,5436,すべく,,関係者,5392,全員,2915,の,,証言,5825,を,,集め,1274,ました,,,,,,,,Sentence,23,TRUE
291,人を騙すなんて許すまじき行為だ。,15,ひとをだますなんて、ゆるすまじきこういだ。,Deceiving people is an unforgivable act.,Lừa dối người khác là hành động không thể tha thứ.,258,〜まじき 不適切 不適切な行為,,,,,,,,,,,人,511,を,,騙す,1890,なんて,,許す,1604,まじき,,行為,5823,だ,,,,,,,,,,,,,,Sentence,16,TRUE
292,彼の言葉は信じるに足る。,15,かれのことばはしんじるにたる。,His words are worthy of trust.,Lời nói của anh ấy đáng tin cậy.,259,〜に足る 価値 価値がある,,,,,,,,,,,彼,5080,の,,言葉,1456,は,,信じ,2262,る,,に,,足る,319,,,,,,,,,,,,,Sentence,12,TRUE
293,その本は読むに値する。,13,そのほんはよむにあたいする。,That book is worth reading.,Cuốn sách đó đáng để đọc.,260,〜に値する 価値 価値がある,,,,,,,,,,,その,3703,本,560,は,,読む,274,に,,値,5819,する,,,,,,,,,,,,,,,,Sentence,11,TRUE
294,その政治家の発言は無責任極まると批判されている。,15,そのせいじかのはつげんは、むせきにんきわまるとひはんされている。,That politician’s remarks are criticized as being extremely irresponsible.,Phát ngôn của chính trị gia đó bị chỉ trích là vô cùng vô trách nhiệm.,261,〜極まる 極度 極度の状態,,,,,,,,,,,その,3703,政治家,5816,の,,発言,1681,は,,無責任,5820,極まる,,と,,批判,5828,されて,,いる,,,,,,,,Sentence,24,TRUE
295,私にしたところであなたと同じ気持ちです。,15,わたしにしたところで、あなたとおなじきもちです。,"Even for me, I feel the same as you do.",Ngay cả tôi cũng có cùng cảm giác như bạn.,262,〜にしたところで 譲歩 譲歩,,,,,,,,,,,私,5074,に,,した,,ところ,,で,,あなた,5075,と,,同じ,671,気持ち,806,です,,,,,,,,,,Sentence,20,TRUE
296,学生であれ社会人であれ学び続けることが大切です。,15,がくせいであれ、しゃかいじんであれ、まなびつづけることがたいせつです。,"Whether you are a student or a working adult, it’s important to keep learning.","Dù là học sinh hay người đi làm, việc tiếp tục học hỏi vẫn rất quan trọng.",263,〜であれ 譲歩 譲歩,,,,,,,,,,,学生で,34,あれ,,社会人,1191,であれ,,学び,2545,続ける,888,こと,,が,,大切,711,です,,,,,,,,,,Sentence,24,TRUE
297,雨であろうと雪であろうと試合は行われます。,13,あめであろうと、ゆきであろうと、しあいはおこなわれます。,The match will be held whether it rains or snows.,Dù mưa hay tuyết thì trận đấu vẫn sẽ diễn ra.,264,〜であろうと 譲歩 譲歩,,,,,,,,,,,雨で,582,あろうと,,雪,583,であろう,,と,,試合,832,は,,行われ,5762,ます,,,,,,,,,,,,Sentence,21,TRUE
298,危険だと知りつつも屋根に登った。,14,きけんだとしりつつも、やねにのぼった。,"Although I knew it was dangerous, I climbed onto the roof.",Dù biết là nguy hiểm nhưng tôi vẫn leo lên mái nhà.,265,〜つつも 逆接継続 逆接継続,,,,,,,,,,,危険,803,だ,,と,,知り,618,つつ,,も,,屋根,235,に,,登った,5829,,,,,,,,,,,Sentence,16,TRUE
299,信念抜きには夢はかなわない。,13,しんねんぬきには、ゆめはかなわない。,"Without belief, dreams cannot come true.",Không có niềm tin thì giấc mơ sẽ không thể thành hiện thực.,266,〜抜きには 不可欠 不可欠,,,,,,,,,,,信念,2139,抜き,1597,には,,夢,2380,は,,かなわ,,ない,,,,,,,,,,,,,,,,Sentence,14,TRUE
300,彼は休むことなく通勤している。,13,かれはやすむことなく、つうきんしている。,He commutes without taking a day off.,Anh ấy đi làm đều đặn không nghỉ ngày nào.,267,〜ことなく 否定継続 〜しないで,,,,,,,,,,,彼,5080,は,,休む,617,こと,,なく,,通勤,904,して,,いる,,,,,,,,,,,,,,Sentence,15,TRUE
301,そのアニメの面白さといったらない。,15,そのアニメのおもしろさといったらない。,That anime is unbelievably interesting.,Bộ anime đó thú vị không thể tả được.,268,〜といったらない 強調 強調,,,,,,,,,,,その,3703,アニメ,2093,の,,面白,370,さ,,と,,いったら,,ない,,,,,,,,,,,,,,Sentence,17,TRUE
302,彼の努力が才能と相まって大きな成功を生んだ。,14,かれのどりょくがさいのうとあいまって、おおきなせいこうをうんだ。,"His effort, combined with his talent, led to great success.",Nỗ lực của anh ấy kết hợp với tài năng đã mang lại thành công lớn.,269,〜と相まって 相乗 相乗効果,,,,,,,,,,,彼,5080,の,,努力,1337,が,,才能,1658,と,,相まって,,大きな,3707,成功,,を,,生んだ,5832,,,,,,,Sentence,22,TRUE
303,生徒達が元気なのにひきかえ保護者達は静かでした。,14,せいとたちがげんきなのにひきかえ、ほごしゃたちはしずかでした。,"In contrast to the energetic students, the parents were quiet.","Trái với các học sinh năng động, các phụ huynh lại rất yên lặng.",270,〜にひきかえ 対比 対照的な対比,,,,,,,,,,,生徒達,4481,が,,元気,587,なの,,に,,ひきかえ,,保護者達,2185,は,,静か,,でした,,,,,,,,,,Sentence,24,TRUE
304,冗談ならいざしらず本気でそんなことを言うとは。,15,じょうだんならいざしらず、ほんきでそんなことをいうとは。,"It would be fine if it were a joke, but I can’t believe you said that seriously.","Nếu là nói đùa thì không sao, nhưng tôi không thể tin bạn nói thật như vậy.",271,〜ならいざしらず 極端な仮定 極端な仮定,,,,,,,,,,,冗談,1683,なら,,いざしらず,,本気,5817,で,,そんな,5811,こと,,を,,言う,,と,,は,,,,,,,,Sentence,23,TRUE