kanji,component1,component2,component3, component4,component5
高,亠,口,冂,,
食,𠆢,良,艮,,
電,雨,日,乚,冂,
雨,丶,冂,┬,,
間,門,日,,,
長,,,,,
金,𠆢,土,丷,,
車,申,日,二,丨,
読,言,売,士,儿,
語,言,吾,五,口,
話,言,舌,千,口,
見,目,儿,,,
西,口,儿,一,,
行,彳,亍,丁,,
聞,門,耳,,,
百,白,一,,,
白,日,,,,
男,田,力,,,
生,𠂉,土,牛,,
父,八,乂,,,
火,人,,,,
水,フ,亅,,,
気,气,㐅,,,
毎,毋,𠂉,,,
母,丶,𠃌,,,
校,木,交,亠,父,
東,日,木,申,,
来,未,木,丷,,
本,木,十,,,
木,十,,,,
月,二,,,,
書,肀,二,日,,
時,日,寺,土,寸,
日,口,一,,,
後,彳,幺,夂,,
年,午,┌,𠂉,,
左,ナ,工,,,
川,ノ,丨,,,
山,凵,丨,,,
小,八,亅,,,
学,子,⺍,冖,,
子,了,一,,,
女,く,ノ,一,,
天,大,人,一,,
大,人,一,,,
外,夕,卜,,,
土,十,,,,
国,口,玉,王,,
四,口,儿,,,
名,夕,口,,,
右,ナ,口,,,
友,又,ナ,,,
南,干,冂,十,丷,
半,十,二,丷,,
午,𠂉,十,干,,
千,十,,,,
十,一,丨,,,
北,匕,丨,,,
前,⺉,月,一,丷,
分,八,刀,,,
出,山,凵,,,
円,冂,┴,,,
六,八,亠,,,
八,ノ,,,,
入,ノ,,,,
先,𠂉,二,土,儿,
何,亻,可,口,丁,
休,亻,木,,,
今,𠆢,ラ,フ,,
人,ノ,,,,
五,ニ,┌,,,
二,ニ,,,,
九,乙,ノ,,,
中,口,丨,,,
下,一,卜,,,
上,一,┣,,,
三,一,二,,,
万,一,𠃌,ノ,,
七,一,,,,
一,一,,,,
黒,里,灬,,,
鳥,灬,,,,
魚,ク,田,灬,,
験,馬,㑒,灬,,
駅,馬,尺,灬,,
館,食,,,,
飲,飠,欠,,,
飯,飠,反,,,
風,几,虫,,,
題,是,頁,日,龰,貝
音,立,日,,,
青,龶,月,,,
集,隹,木,,,
院,阝,完,,,
開,門,开,,,
銀,金,艮,,,
野,里,矛,,,
重,里,千,,,
道,辶,首,,,
運,辶,軍,車,,
週,辶,周,𠮷,⺆,
通,辶,甬,用,,
送,辶,关,天,,
近,辶,斤,,,
転,車,云,,,
足,口,龰,,,
起,走,己,土,龰,
走,土,龰,,,
赤,土,亦,,,
質,斤,貝,,,
貸,代,貝,目,,
買,罒,貝,,,
試,言,式,エ,弋,
計,言,十,,,
言,,,,,
親,亲,見,立,木,
茶,艹,𠆢,ホ,,
英,艹,央,,,
花,艹,化,イ,ヒ,
色,ク,巴,,,
自,目,,,,
肉,冂,人,,,
者,耂,土,日,,
考,耂,丂,,,
習,羽,白,,,
終,糸,冬,夂,⺀,
紙,糸,氏,幺,小,
答,竹,𠆢,合,,
立,亠,,,,
空,宀,儿,工,,
究,宀,儿,九,,
秋,禾,火,,,
私,禾,厶,,,
社,礻,土,,,
研,石,开,,,
知,矢,口,,,
着,䒑,丆,目,,
真,十,具,目,,
目,日,一,,,
的,白,勺,,,
発,癶,二,儿,,
病,疒,丙,冂,人,
界,界,介,,,
画,一,由,凵,,
町,田,丁,,,
田,口,十,,,
用,⺆,二,丨,,
理,王,里,,,
犬,大,丶,,,
特,牛,寺,土,寸,
物,牛,勿,,,
牛,𠂉,十,,,
漢,氵,𦰩,艹,口,夫
海,氵,毎,𠂉,毋,
洋,氵,羊,,,
注,氵,主,王,,
死,一,夕,ヒ,,
歩,止,少,小,,
正,一,止,,,
止,上,丨,,,
歌,可,欠,人,,
楽,白,木,,,
業,业,䒑,未,,
朝,龺,月,十,日,
服,月,𠬝,卩,又,
有,ナ,月,,,
曜,日,羽,隹,,
昼,尺,旦,日,一,
春,𡗗,日,三,人,
映,日,央,,,
明,日,月,,,
早,日,十,,,
族,方,𠂉,矢,,
旅,方,,,,
方,亠,万,,,
新,亲,斤,立,木,
料,米,斗,,,
文,亠,メ,,,
教,耂,攵,𠂉,メ,
持,扌,寺,土,寸,
手,,,,,
意,立,日,心,,
悪,亜,心,,,
急,,,,,
思,,,,,
心,,,,,
待,,,,,
強,,,,,
弟,,,,,
建,,,,,
度,,,,,
店,,,,,
広,,,,,
帰,,,,,
工,,,,,
屋,,,,,
少,,,,,
家,,,,,
室,,,,,
安,,,,,
字,,,,,
始,,,,,
姉,,,,,
妹,,,,,
夜,,,,,
多,,,,,
夕,,,,,
夏,,,,,
売,,,,,
場,,,,,
堂,,,,,
地,,,,,
図,,,,,
問,,,,,
員,,,,,
品,,,,,
味,,,,,
同,,,,,
台,,,,,
古,,,,,
口,,,,,
去,,,,,
医,,,,,
動,,,,,
勉,,,,,
力,,,,,
別,,,,,
切,,,,,
冬,,,,,
写,,,,,
公,,,,,
兄,,,,,
元,,,,,
借,,,,,
使,,,,,
作,,,,,
体,,,,,
住,,,,,
会,,,,,
以,,,,,
代,,,,,
仕,,,,,
京,,,,,
事,,,,,
主,,,,,
世,,,,,
不,,,,,
鳴,鳥,口,灬,,
髪,長,彡,友,云,
馬,灬,,,,
首,自,䒑,,,
飛,飞,升,,,
類,米,頁,貝,类,大
願,原,頁,貝,白,厂
顔,彦,頁,貝,彡,立
頼,束,頁,貝,,
頭,豆,頁,貝,,
頂,丁,頁,貝,,
靴,革,化,イ,ヒ,
面,罒,而,,,
非,丿丨,,,,
静,青,争,龶,月,
雪,雨,ヨ,,,
難,夫,隹,,,
雑,杂,隹,九,木,
際,阝,祭,タ,ヌ,
陽,阝,旦,勿,勹,
険,阝,㑒,,,
除,阝,余,,,
限,阝,艮,,,
降,阝,夅,夂,㐄,
阪,阝,反,又,,
関,門,关,天,,
閉,門,才,,,
酒,氵,酉,,,
配,酉,己,西,,
都,者,阝,耂,日,
部,阝,立,咅,口,
選,辶,巽,己,共,龷
適,辶,啇,古,冂,立
遠,辶,土,袁,𠮷,
違,辶,韋,㐄,,
達,辶,土,立,羊,
過,辶,冎,冋,口,
遊,辶,方,𠂉,子,
遅,辶,尸,羊,,
進,辶,隹,,,
連,辶,車,,,
速,辶,束,,,
途,辶,余,干,,
逃,辶,兆,儿,,
退,辶,艮,,,
追,辶,㠯,,,
迷,辶,米,木,,
返,辶,反,又,,
迎,辶,卩,,,
込,辶,入,,,
辞,舌,辛,千,千,
身,自,,,,
路,足,各,夂,,
越,走,戊,土,,
賛,夫,貝,八,㚘,
資,次,貝,八,冫,
費,弗,貝,八,,
責,龶,貝,八,,
貧,分,貝,八,刀,
財,貝,八,才,,
負,ク,貝,八,,
議,言,義,我,⺷,
警,敬,言,句,攵,勹
識,言,音,戈,,
論,言,侖,人,,
談,言,火,炎,,
調,言,周,⺆,𠮷,
説,言,兑,兄,儿,
誤,言,呉,口,六,
認,言,忍,刃,心,
許,言,午,,,
訪,言,方,,,
記,言,己,,,
解,角,刀,牛,ク,
観,隹,見,儿,目,
覚,⺍冖,見,儿,目,
規,夫,見,儿,目,
要,覀,女,,,
表,表,衣,龶,,
術,行,朮,彳,亍,
薬,艹,楽,白,木,
葉,艹,世,木,,
落,艹,氵,夂,各,口
草,艹,早,日,十,
苦,艹,古,口,,
若,艹,右,口,,
良,艮,,,,
船,舟,㕣,,,
舞,夕,舛,㐄,,
腹,月,复,夂,,
能,能,月,ム,ヒ,
背,北,月,,,
育,月,亠ム,,,
職,耳,音,戈,,
耳,耳,,,,
老,土,耂,ヒ,,
美,⺷,大,王,,
置,罒,直,目,十,
罪,罒,非,,,
緒,糸,幺,者,耂,
続,糸,幺,売,士,
絶,糸,幺,色,,
絵,糸,幺,会,,
給,糸,幺,合,,
経,糸,幺,圣,又,土
組,糸,幺,且,,
約,糸,幺,勺,勹,
精,米,青,龶,月,
米,米,木,,,
箱,竹,相,木,目,
等,竹,寺,,,
笑,竹,夭,,,
窓,宀,儿,心,公,
突,宀,儿,大,,
積,禾,龶,貝,目,
種,禾,重,申,土,
程,禾,口,王,,
科,禾,斗,,,
福,礻,畐,田,,
神,礻,申,,,
祖,礻,且,,,
礼,礻,乚,,,
示,八,丁,,,
確,石,隹,隺,,
破,石,皮,反,,
石,丆,口,,,
眠,目,民,,,
相,木,目,,,
直,目,,,,
盗,次,皿,人,冫,
皆,比,白,ヒ,,
登,癶,豆,,,
痛,疒,甬,用,マ,
疲,疒,皮,反,又,
疑,疑,矢,疋,ヒ,
番,禾,由,田,,
留,留,刀,田,,
申,田,由,甲,,
由,田,,,,
産,立,厂,生,,
球,王,求,,,
現,王,見,目,儿,
王,王,,,,
猫,犭,苗,田,艹,
状,丬,犬,大,,
犯,犭,㔾,,,
熱,坴,圥,土,丸,灬
煙,火,覀,土,垔,
然,夕,犬,灬,,
点,占,灬,口,,
演,氵,寅,由,八,
満,氵,龷,両,山,
港,氵,龷,己,,
渡,氵,度,廿,又,
済,氵,斉,文,丿丨,
深,氵,木,儿,,
消,氵,肖,,,
浮,氵,⺤,子,,
流,氵,㐬,亠ム ,川,
活,氵,舌,千,口,
洗,氵,先,土,儿,
泳,氵,永,水,,
法,氵,去,土,ム,
治,氵,台,ム,口,
決,氵,夬,,,
求,,,,,
民,,,,,
殺,杀,殳,几,又,
段,殳,几,又,,
残,歹,㦮,戈,,
歳,止,戊,示,,
歯,止,凵,米,,
欲,谷,欠,,,
次,冫,欠,,,
欠,人,,,,
機,木,幾,戈,幺,
横,木,龷,由,黄,
権,隹,木,,,
様,木,羕,⺷,丨,
構,木,冓,井,再,
格,木,各,夂,口,
果,甲,木,,,
杯,木,不,,,
束,中,,,,
末,木,士,,,
未,木,土,,,
期,其,月,,,
望,亡,月,王,,
最,日,耳,又,取,
更,申,,,,
曲,囗,井,,,
暮,艹,日,莫,,
暗,日,音,立,,
晴,日,龶,月,,
景,日,京,小,口,
晩,日,免,儿,ク,
昨,日,乍,,,
昔,龷,日,,,
易,日,勿,勹,,
断,米,斤,,,
数,娄,攵,米,女,
散,龷,攵,月,,
敗,貝,攵,目,,
政,正,攵,,,
放,方,攵,,,
支,十,又,,,
探,扌,罙,木,儿,
掛,扌,圭,ト,卦,挂
捕,扌,甫,,,
指,扌,ヒ,日,旨,
招,扌,召,刀,口,
押,扌,甲,,,
抱,扌,包,己,勹,
抜,扌,友,又,,
折,扌,斤,,,
投,扌,殳,几,又,
払,扌,ム,,,
打,扌,丁,,,
才,,,,,
所,戸,斤,,,
戻,戸,大,,,
戦,単,戈,甲,,
成,戊,戈,,,
慣,忄,毌,貝,目,
感,或,戊,心,,
愛,⺤,⺍冖,心,夂,
想,相,心,木,目,
情,忄,青,龶,月,
悲,非,心,,,
息,自,心,,,
恥,耳,心,,,
恐,巩,工,凡,心,
性,忄,生,,,
怖,忄,布,巾,,
怒,奴,心,女,又,
念,今,心,フ,,
忙,忄,亡,,,
忘,亡,心,,,
必,心,,,,
御,彳,止,卩,卸,
得,彳,旦,寸,,
徒,彳,走,土,龰,
彼,彳,皮,反,又,
役,彳,殳,几,又,
形,开,彡,,,
当,ヨ,⺌,,,
引,弓,,,,
式,弋,工,,,
庭,广,廴,壬,,
座,广,人,土,,
幾,幺,戈,人,,
幸,土,丷,,,
平,十,一,丷,,
常,龸,吊,巾,,
席,广,廿,巾,,
師,㠯,帀,巾,,
市,亠,帀,巾,,
差,⺷,工,王,丆,
居,尸,古,,,
局,尸,口,,,
対,文,寸,,,
察,宀,祭,小,又,示
寝,宀,丬,ヨ冖又,,
寒,宀,龷,⺀,,
富,宀,田,畐,,
寄,宀,大,奇,可,
宿,宀,イ,百,,
容,宀,谷,口,人,穴
害,宀,龶,口,,
客,宀,各,夂,,
実,宀,三人,,,
定,宀,龰,,,
官,宀,官,㠯,,
完,宀,元,兀,,
守,宀,寸,,,
宅,宀,乇,乚,,
存,子,了,,,
婦,女,ヨ,巾,帚,
婚,女,氏,日,昏,
娘,女,良,,,
妻,女,,,,
好,女,子,了,,
失,人,矢,,,
夫,人,大,,,
太,大,,,,
夢,艹,罒,冖,夕,
変,亦,夂,,,
声,士,,,,
増,曽,田,日小,,
報,幸,㞋,卩,又,
在,土,,,,
園,袁,囗,𠮷,土,
困,木,囗,,,
因,大,囗,,,
回,口,囗,,,
喜,吉,豆,口,士,
商,立,冂儿,冋,,
和,禾,口,,,
命,叩,卩,口,,
呼,口,乎,,,
告,口,⺧,,,
吹,口,欠,,,
吸,口,及,,,
否,口,不,,,
君,尹,口,,,
向,冂,冋,口,,
合,口,人,一,,
号,丂,口,,,
可,口,,,,
受,⺤,又,,,
取,耳,又,,,
収,丩,又,,,
反,厂,又,,,
参,ム,大,彡,,
原,厂,白,日小,,
危,ク,厃,㔾,厂,
単,甲,⺍,十,甲,
化,イ,ヒ,,,
勤,堇,力,,,
勝,月,龹,力,,
務,マ,矛,力,攵,予
労,⺍冖,力,,,
努,奴,力,女,又,
助,且,力,,,
加,力,口,,,
割,害,刂,,,
刻,亥,刂,,,
制,巾,刂,牛,,
到,禾,刂,,,
利,禾,刂,,,
判,半,刂,,,
初,衤,刀,,,
列,列,歹,刂,,
処,夂,几,,,
冷,令,冫,マ,人,
内,冂,人,,,
具,貝,一,目,八,
共,共,龷,八,,
全,人,王,,,
光,⺌,儿,,,
優,イ,㥑,夂,心,
働,イ,動,重,力,
備,イ,龷,用,丆,
偶,イ,禺,甲,,
側,イ,則,貝,刂,
偉,イ,韋,㐄,,
値,イ,直,目,,
候,イ,ユ,矢,,
倒,イ,一ム ,土,至,
信,イ,言,,,
係,イ,糸,幺,小,
便,イ,更,申,,
供,イ,共,龷,,
例,イ,列,歹,刂,
余,人,小,,,
位,イ,立,,,
似,イ,以,人,,
伝,イ,云,,,
任,イ,壬,,,
件,イ,牛,,,
付,イ,寸,,,
他,イ,也,,,
交,亠,父,,,
亡,亠,,,,
互,彑,,,,
争,ク,,,,
予,マ,,,,
乗,木,禾,,,
両,冂,山,,,
与,一,,,,
齢,歯,令,米,止,凵
鼻,自,田,廾,,
黄,龷,由,八,,
麦,龶,夂,,,
骨,冎,月,,,
駐,馬,主,王,灬,
香,禾,日,,,
額,客,頁,貝,目,夂
領,令,頁,貝,目,
預,予,頁,貝,目,マ
順,川,頁,貝,目,
革,廿,中,十,,
震,雨,辰,,,
零,雨,令,,,
雲,雨,云,,,
雇,戸,隹,,,
隻,隹,又,,,
階,阝,比,白,ヒ,
隅,阝,禺,甲,,
陸,阝,坴,圥,土,
防,阝,方,,,
門,,,,,
録,金,彐,氺,,
鋭,金,兄,,,
銅,金,同,,,
鉱,金,広,广,,
鉄,金,失,,,
鈍,金,屯,乚,,
針,金,十,,,
量,日,一,里,旦,
郵,垂,阝,,,
郊,阝,交,父,,
造,辶,告,,,
逆,辶,屰,,,
述,辶,朮,,,
辺,辶,刀,,,
農,曲,辰,,,
辛,立,十,,,
輸,車,俞,月,刂,
輪,車,侖,,,
軽,車,圣,又,土,
軟,車,欠,,,
軒,車,干,,,
軍,軍,車,冖,,
踊,足,止,甬,マ,
跡,足,亦,止,,
超,走,召,土,刀,
贈,曽,貝,目,田,
賢,臤,貝,目,臣,又
賞,貝,員,目,龸,
貿,刀,貝,目,,
貯,貝,宁,丁,,
販,貝,反,又,厂,
貨,化,貝,イ,ヒ,
貝,目,八,,,
象,ク,豕,,,
豊,曲,豆,,,
谷,八,人,口,,
講,言,冓,井,再,
諸,言,者,耂,,
課,言,果,甲,木,
誌,言,志,士,心,
詰,言,吉,士,,
詞,言,司,,,
設,言,殳,几,又,
訓,言,川,,,
触,角,虫,ク,中,
角,ク,,,,
複,衤,复,夂,,
補,衤,甫,,,
裏,亠,里,衣,,
装,壮,衣,士,丬,
被,皮,又,反,,
袋,代,衣,イ,弋,
衣,亠,,,,
血,皿,,,,
虫,中,,,,
薄,艹,専,氵,寸,
蔵,艹,戊,臣,,
蒸,艹,丞,灬,,
著,艹,者,耂,日,
菜,艹,采,⺤,木,
菓,艹,果,甲,木,
荷,艹,何,イ,可,
荒,艹,亡,川,巟,
芸,艹,云,,,
般,舟,殳,,,
航,舟,亢,几,,
舟,丹,,,,
臣,臣,巨,,,
臓,月,蔵,臣,戊,
膚,虍,胃,田,月,
腰,月,覀,女,要,
腕,月,夕,夗,㔾,
脳,月,⺍,凶,,
脂,月,ヒ,旨,日,
胸,月,凶,匈,勹,
胃,田,月,,,
肯,止,月,,,
肩,戸,月,,,
肌,月,几,,,
耕,耒,井,,,
翌,羽,立,冫,,
羽,冫,,,,
群,君,羊,,,
署,者,罒,耂,日,
缶,牛,,,,
績,糸,責,貝,龶,
練,糸,東,申,,
編,糸,戸,扁,冂,卄
線,糸,泉,白,水,
緑,糸,緑,彐,氺,
総,糸,公,心,,
綿,糸,白,巾,,
絡,糸,各,夂,,
紹,糸,召,,,
細,糸,田,,,
純,糸,屯,凵,乚,乚
紅,糸,工,,,
糸,幺,小,,,
粒,米,立,,,
粉,米,分,刀,,
籍,竹,耒,昔,龷,
簡,竹,間,門,日,
築,竹,筑,巩,木,凡
管,竹,官,㠯,,
算,竹,目,廾,,
筒,竹,同,冂,,
筆,竹,肀 ,二,,
符,竹,付,,,
竹,,,,,
競,立,兄,竞,,
童,立,里,,,
章,立,音,早,,
税,禾,兄,,,
移,禾,多,夕,,
秒,禾,少,,,
禁,林,示,小,,
祭,夕,又,示,小,
祝,礻,,,,
祈,礻,斤,,,
磨,广,麻,石,林,
硬,石,更,申,,
砂,石,少,小,,
短,矢,豆,,,
県,目,小,,,
省,少,小,目,,
皿,一,冂,,,
皮,反,,,,
療,疒,尞,大,日小,
畳,田,且,冖,,
略,田,各,夂,,
畜,玄,田,幺,,
甘,廿,,,,
瓶,幷,瓦,开,,
珍,王,㐱,彡,,
玉,王,,,,
版,片,反,,,
片,,,,,
爆,火,暴,龷,㳟,共
燥,火,品,木,喿,
燃,日,然,灬,犬,
照,昭,灬,日,召,
焼,火,尭,兀,儿,
無,灬,,,,
炭,山,火,,,
灰,厂,火,,,
灯,火,丁,,,
濯,氵,ヨ,隹,,
濃,氵,曲,農,辰,
漁,氵,魚,田,灬,ク
滴,氵,啇,古,冂,立
溶,氵,容,谷,,
準,氵,准,十,隹,
湿,氵,显,业,,
湾,氵,亦,弓,,
湯,氵,旦,勿,勹,
湖,氵,則,,,
測,氵,貝,刂,,
温,氵,日,皿,昷,
減,氵,戊,,,
清,氵,龶,月,青,
混,氵,日,比,ヒ,
涼,氵,京,小,,
液,氵,イ,亠,夂,
涙,氵,戸,大,尸,
浴,氵,谷,口,人,
浅,氵,㦮,戈,,
泥,氵,尼,日,,
波,氵,皮,又,,
泊,氵,白,,,
泉,白,水,,,
況,氵,兄,,,
油,氵,由,,,
沸,氵,弓,丿丨,,
河,氵,可,丁,,
沈,氵,冘,冖,乚,
池,氵,也,,,
汚,丂,氵,,,
汗,干,氵,,,
永,水,フ,,,
氷,水,フ,,,
毛,手,,,,
比,ヒ,,,,
毒,龶,毋,,,
殿,尸,共,殳,龷,
歴,厂,林,止,,
武,弋,止,,,
欧,区,欠,匚,,
橋,木,呑,喬,冋,
極,木,亟,丂,叹,
植,木,直,目,,
森,木,林,,,
棒,木,三人,奉,,
械,木,戈,廾,,
根,木,艮,,,
栄,⺍冖,木,,,
査,木,且,,,
柱,主,木,王,,
柔,矛,木,予,,
枯,木,古,口,十,
枝,木,支,又,,
枚,木,攵,,,
林,木,,,,
板,木,反,又,厂,
村,木,寸,,,
材,木,才,,,
机,木,几,,,
札,木,乚,,,
替,㚘,夫,日,,
曇,日,雲,雨,云,
暴,日,㳟,共,氺,龷
普,並,日,业,,
星,日,生,,,
昇,日,升,廾,,
旧,日,,,,
敬,句,攵,苟,勹,
改,己,攵,,,
損,扌,員,貝,,
換,扌,奐,大,冂儿,
接,扌,妾,女,立,
採,扌,采,⺤,木,
掘,扌,屈,尸,出,
掃,扌,帚,巾,ヨ,
捨,扌,舎,𠮷,土,
捜,扌,申,又,,
挟,扌,夹,,,
拾,扌,合,口,,
拝,扌,丰,,,
担,扌,旦,日,,
技,扌,支,又,,
承,フ,了,三,,
戸,尸,一,,,
憎,忄,曽,田,日,
悩,忄,⺍,凶,,
患,串,心,,,
恋,亦,心,,,
快,忄,夬,,,
復,彳,日,夂,,
律,彳,聿,,,
弱,弓,冫,,,
延,廴,正,,,
庫,广,車,申,,
府,广,付,イ,寸,
底,广,氏,氐,,
床,广,木,,,
庁,广,丁,,,
幼,幺,力,,,
干,十,一,,,
幅,巾,畐,田,,
帽,巾,冒,日,目,
帯,丗,冖,巾,,
希,布,巾,,,
布,巾,,,,
巻,龹,己,,,
巨,匚,,,,
州,川,,,,
島,山,白,,,
岸,山,厂,干,,
岩,山,石,丆,,
層,尸,曽,田,日,
届,尸,由,田,,
導,道,寸,䒑,首,辶
尊,酉,寸,䒑,,
将,丬,寽,寸,⺤,
専,由,寸,,,
封,圭,寸,,,
寺,土,寸,,,
宝,宀,玉,王,,
宇,于,宀,,,
孫,子,系,幺,小,
季,禾,木,子,,
委,禾,女,木,,
姓,女,生,,,
奥,米,大,冂,,
央,人,大,,,
境,土,竟,音,,
塩,土,𠂉,口,皿,
塗,涂,余,土,氵,
塔,土,荅,艹,合,
域,土,戈,或,,
城,土,成,戈,戊,
埋,土,里,甲,土,
型,刑,土,刂,廾,
均,土,勹,冫,匀,
坂,土,厂,反,又,
圧,厂,土,,,
固,囗,古,,,
囲,囗,井,,,
団,囗,寸,,,
営,⺍冖,呂,,,
喫,契,㓞,大,,
咲,口,关,天,,
周,⺆,𠮷,土,口,
含,今,口,人,,
各,夂,口,夕,,
史,口,中,,,
召,刀,口,,,
叫,口,丩,,,
双,ヌ,,,,
厚,厂,日,子,,
卵,卯,卩,,,
印,卩,卬,,,
占,ト,口,,,
協,十,力,劦,,
卒,亠,从,十,人,
区,匚,メ,,,
匹,匚,儿,,,
包,勹,己,,,
勢,執,力,幸,丸,土
募,艹日,力,莫,,
勇,マ,男,田,力,
効,交,力,父,,
劇,豦,刂,豕,七,虍
副,畐,刂,,,
則,貝,刂,,,
刺,朿,刂,,,
券,龹,刀,,,
刷,尸,刂,巾,,
刊,干,刂,,,
凍,冫,東,束,,
再,冂,冉,,,
冊,冂,一,,,
兵,丘,八,,,
党,龸,口,兄,儿,
児,旧,儿,,,
兆,儿,冫,,,
億,イ,音,意,心,
像,イ,象,豕,,
傾,化,ヒ,頁,頃,イ
停,イ,亠口,丁,亭,
倍,イ,立,咅,口,
個,イ,固,囗,,
依,イ,衣,,,
低,イ,氏,氐,,
伺,イ,司,,,
伸,イ,申,,,
仲,イ,中,,,
令,人,マ,,,
仏,ノ,ム,,,
介,人,丿丨,,,
了,フ,,,,
乾,龺,乞,𠂉,乙,
乳,⺤,子,乚,孚,
乱,千,口,乚,,
久,ク,,,,
丸,九,メ,,,
並,业,䒑,业,,
鼓,士,豆,支,又,
黛,代,黒,弋,里,灬
黙,里,犬,灬,,
黎,禾,勹,人,氺,
麿,广,林,木,呂,
麻,广,林,木,,
麟,鹿,粦,米,舛 ,㐄
麗,鹿,比,ヒ,冂,
鹿,广,比,ヒ,,
鷹,广,イ,隹,鳥,灬
鶴,隺,鳥,灬,,
鶏,⺤,鳥,夫,灬,
鵬,朋,鳥,灬,月,
鴻,氵,工,鳥,江,灬
鳳,几,鳥,灬,,
鳩,九,鳥,灬,,
鯨,魚,灬,京,,
鯛,魚,灬,周,⺆,𠮷
鯉,魚,灬,里,,
鮮,魚,灬,羊,,
鮎,魚,灬,占,,
魔,麻,鬼,林,广,
魅,鬼,未,儿,ム,
魂,云,鬼,儿,ム,
魁,鬼,儿,ム,斗,
鬼,儿,ム,,,
髄,骨,迶,辶,有,
驚,敬,馬,句,攵,勹
騰,月,駦,馬,龹,
騒,馬,又,虫,,
騎,馬,大,可,,
駿,馬,夋,夂,夕,
駒,馬,句,勹,,
駆,馬,区,,,
駄,馬,太,,,
馨,殸,声,殳,香,
餓,食,我,戈,,
養,⺷,食,,,
飾,食,巾,,,
飽,食,包,己,勹,
飼,食,司,,,
飢,食,几,,,
颯,風,虫,立,几,
顧,雇,頁,貝,戸,隹
顕,显,頁,貝,业,
頻,歩,頁,貝,,
頒,分,頁,貝,,
頑,元,頁,貝,,
頌,公,頁,貝,,
須,彡,頁,貝,,
項,工,頁,貝,,
響,郷,音,幺,阝,立
韻,音,員,貝,立,
鞠,匊,革,米,勹,
靖,立,青,月,龶,
露,雨,路,足,各,止
霧,雨,務,矛,予,务
霞,雨,叚,又,,
霜,雨,相,木,目,
霊,雨,业,,,
需,雨,而,,,
雷,雨,田,,,
雰,雨,分,刀,,
離,离,㐫,禸,凶,
雛,隹,芻,勹,屮,
雌,此,隹,止,ヒ,
雅,牙,隹,,,
雄,厷,隹,,,
隼,隹,十,,,
隷,士,示,隶,,
隣,阝,粦,米,舛 ,㐄
隠,阝,爫,ヨ,心,
障,阝,章,立,音,早
隔,阝,鬲,冂儿,,
随,阝,迶,辶,有,
隊,阝,豕,,,
隆,阝,㚅,夂,生,夕
陶,阝,匋,缶,勹,牛
陵,阝,夌,,,
陳,阝,東,,,
陰,阝,今,云,侌,
陪,阝,咅,立,,
陥,阝,旧,ク,,
陣,阝,車,,,
陛,阝,坒,比,土,
附,阝,付,イ,寸,
阿,阝,可,,,
阻,阝,且,,,
闘,門,豆,寸,,
閲,門,兄,,,
閥,門,伐,イ,戈,
閣,門,各,,,
閑,門,木,,,
鑑,金,監,臣,皿,
鐘,金,童,立,里,
鏡,金,竟,音,,
鎮,金,真,具,,
鎖,金,貝,,,
鎌,金,兼,,,
鍛,金,段,殳,几,又
錯,金,昔,龷,,
錬,金,東,,,
錦,金,帛,巾,白,
錠,金,定,龰,,
錘,金,垂,,,
鋼,金,岡,冂,䒑,山
鋳,金,寿,寸,,
銭,金,㦮,戈,,
銘,金,名,,,
銑,金,先,儿,,
銃,金,充,儿,,
鉢,金,本,,,
鉛,金,㕣,,,
鈴,金,令,,,
釣,金,勹,,,
釈,釆,尺,禾,米,
采,⺤,木,,,
醸,酉,㐮,六,衣,
醜,酉,鬼,儿,,
酸,酉,夋,夂,夕,
酷,酉,告,,,
酵,酉,孝,子,耂,
酬,酉,州,川,,
酪,酉,各,夂,,
酢,酉,乍,,,
酔,酉,九,十,卆,
酌,酉,勺,勹,,
酉,西,,,,
郷,乡,阝,,,
郭,享,阝,亠口,子,
郡,君,阝,尹,,
郎,,阝,,,
郁,有,阝,,,
邸,氐,氏,阝,,
邪,牙,阝,,,
邦,丰,阝,,,
那,阝,,,,
邑,口,巴,,,
還,辶,睘,罒,,
避,辶,辟,尸,口,辛
遼,辶,尞,大,日,小
遺,辶,貴,中,貝,
遷,辶,覀,大,己,
遵,辶,尊,酉,寸,
遮,辶,庶,廿,灬,
遭,辶,曹,曲,日,
遥,辶,干, 凵,⺍,
遣,辶,中,㠯,,
遍,辶,扁,戸,冂,卄
遇,辶,禺,甲,,
遂,辶,豕,,,
逸,辶,免,儿,ク,
逮,辶,隶, 肀 ,,
逝,辶,折,扌,斤,
逓,辶,⺁,巾,,
逐,辶,豕,,,
透,辶,秀,,,
迭,辶,失,,,
迫,辶,白,,,
迪,辶,由,,,
迅,辶,卂,十,⺄,
辱,辰,寸,厂,,
辰,辰,厂,,,
轄,車,害,龶,,
輩,非,車,,,
輝,光,軍,車,,
輔,車,甫,,,
載,車,戈,土,,
較,車,交,父,,
軸,車,由,,,
軌,車,九,,,
躍,足,止,ヨ,隹,
踏,足,止,水,沓,
践,足,止,㦮,戈,
跳,足,止,兆,,
距,足,止,巨,,
趣,走,取,龰,耳,
赴,走,ト,龰,,
赳,走,丩,龰,,
赦,赤,攵,,,
購,貝,冓,井,再,目
賦,貝,武,止,弋,目
賠,貝,咅,立,口,目
賜,貝,旦,勿,目,勹
賓,貝,少,目,,
賊,貝,戎,戈,目,
賄,貝,有,目,,
賃,任,貝,壬,イ,目
賀,加,貝,目,,
貴,中,貝,目,,
貫,毌,貝,目,,
貢,工,貝,目,,
貞,貝,ト,目,,
豪,亠口,豕,冖,,
豚,月,豕,,,
豆,口,,,,
護,言,艹,隻,隹,
譲,言,㐮,六,衣,
譜,言,並,日,业,
謹,言,堇,艹,,
謡,言,干, 凵,⺍,
謝,言,射,身,寸,
謙,言,兼,䒑,,
謄,言,誊,龹,月,
謁,言,曷,匂,勹,
謀,言,某,甘,木,
諾,言,若,右,,
諮,言,次,口,,
諭,言,俞,月,刂,
諒,言,京,,,
請,言,青,龶,月,
諄,言,享,亠口,子,
誼,言,宜,宀,,
誠,言,成,戊,,
誘,言,秀,禾,乃,
誕,言,延,廴,正,
誓,言,折,扌,斤,
誉,言,⺍,八,,
誇,言,夸,,,
詳,言,羊,,,
該,言,亥,,,
詩,言,寺,,,
詢,言,旬,勹,,
詠,言,永,,,
評,言,平,,,
詔,言,召,,,
詐,言,乍,,,
証,言,正,,,
診,言,㐱,彡,,
訴,言,斥,,,
訳,言,尺,,,
訟,言,公,,,
託,言,乇,乚,,
討,言,寸,,,
訂,言,丁,,,
覧,臣,見,,,
視,礻,見,,,
覇,覀,䩗,革,月,
覆,覀,復,彳,复,
襲,龍,衣,月,,
襟,衤,禁,林,示,
褒,保,衣,亠,,
褐,衤,曷,匂,勹,
製,制,衣,巾,刂,
裸,衤,果,,,
裟,沙,氵,少,衣,
裕,衤,谷,,,
裂,列,歹,刂,衣,
裁,戈,土,衣,,
袈,加,力,衣,,
衿,衤,今,,,
衷,衣,,,,
衰,亠口,衣,,,
衡,行,彳,田,丁,
衝,行,彳,重,丁,
衛,行,彳,韋,丁,
街,行,彳,圭,丁,
衆,血,乑,,,
融,鬲,虫,冂儿,,
蝶,虫,枼,世,木,
蛮,亦,虫,,,
蛍,⺍冖,,虫,,
蛇,虫,它,,,
蚕,天,虫,,,
蚊,虫,文,,,
虹,虫,工,,,
虞,虍,七,呉,,
虜,虍,男,七,,
虚,虍,业,七,,
虐,虍,七,,,
虎,虍,儿,七,,
蘭,艹,䦨,東,門,
藻,艹,品,木,喿,
藩,艹,氵,番,潘,
藤,艹,滕,月,龹,氺
藍,艹,監,臣,皿,
薫,艹,重,灬,董,
薪,艹,新,亲,斤,
薦,艹,廌,广,灬,
蕗,艹,路,足,各,止
蕉,艹,焦,灬,隹,
蔦,艹,鳥,灬,,
蓮,艹,連,辶,車,
蓉,艹,容,穴,谷,
蓄,艹,玄,田,畜,
蒼,艹,倉,戸,,
蒔,艹,時,日,寺,
葵,艹,癶,天,,
葬,艹,士,廾,,
萩,艹,秋,禾,火,
萌,艹,明,,,
華,艹,十,,,
菫,艹,龶,中,土,
菖,艹日,昌,日,,
菌,艹,囷,禾,囗,
菊,艹,匊,勹,米,
莞,艹,完,元,,
莉,艹,利,禾,刂,
荘,艹,壮,丬,士,
茜,艹,西,,,
茎,艹,圣,,,
茉,艹,末,,,
茅,艹,矛,予,マ,
茄,艹,加,,,
茂,艹,戊,,,
苗,艹,田,,,
苑,艹,夕,夗,㔾,
芽,艹,牙,,,
芹,艹,斤,,,
芳,艹,方,,,
芝,艹,之,,,
芙,艹,夫,,,
芋,艹,于,,,
艶,豊,色,曲,豆,
艦,舟,監,臣,皿,
艇,舟,廴,壬,廷,
舶,舟,白,,,
舜,⺤,冖,舛,,
舗,舎,𠮷,甫,,
舎,土,口,𠮷,人,
舌,千,口,古,,
興,同,⺽,八,,
致,至,攵,一ム ,土,
至,一ム ,土,,,
臭,自,大,,,
臨,臣,品,,,
膨,月,彭,豆,彡,
膜,月,艹日,大,莫,
腸,月,旦,勿,勹,
腐,广,付,肉,府,
脹,月,長,,,
脱,月,兑,兄,,
脩,イ,攸,月,攵,
脚,月,去,卩,却,
脈,月,⺁,,,
脅,力,月,劦,,
胴,月,同,,,
胤,幺,月,儿,,
胡,古,月,,,
胞,月,包,勹,己,
胎,月,大,,,
胆,月,旦,,,
肺,月,市,,,
肪,月,方,,,
肥,月,巴,,,
肢,月,支,,,
肝,月,干,,,
肖,月,,,,
肇,戸,攵,聿 ,,
聴,耳,耳,心,,
聡,耳,忩,公,心,
聖,耳,口,王,,
耶,耳,阝,,,
耗,耒,毛,,,
耐,而,寸,,,
耀,光,ヨ,隹,,
翼,羽,異,,,
翻,番,羽,,,
翠,羽,卒,,,
翔,羊,羽,,,
翁,公,羽,,,
義,⺷,我,戈,,
羊,,,,,
羅,罒,維,糸,隹,幺
罷,罒,能,月,,
罰,罒,言,刂,,
繰,糸,喿,品,木,幺
繭,艹,冂,糸,虫,幺
繕,糸,善,羊,幺,
織,糸,音,戈,幺,
繊,糸,戈,土,韱,幺
繁,糸,敏,毎,幺,毋
縮,糸,宿,佰,百,幺
縫,糸,辶,夆,幺,
縦,糸,従,龰,幺,
縛,糸,専,寸,幺,由
縄,糸,电,幺,,
縁,糸,豕,幺,,
緯,糸,韋,㐄,幺,
緩,糸,爰,幺,,
締,糸,帝,幺,,
緋,糸,非,幺,,
緊,糸,臣,臤,幺,
綾,糸,夌,幺,,
綺,糸,奇,可,幺,
綸,糸,侖,幺,,
網,糸,罔,冂,幺,
綱,糸,岡,冂,幺,
維,糸,隹,幺,,
綜,糸,宗,示,幺,
継,糸,米,幺,,
絹,糸,肙,月,幺,
統,糸,充,幺,,
絢,糸,旬,幺,勹,
絞,糸,交,父,幺,
結,糸,吉,幺,,
絃,糸,玄,幺,,
紺,糸,甘,幺,,
紳,糸,申,幺,,
累,糸,田,幺,,
紬,糸,由,幺,,
紫,糸,此,止,ヒ,幺
索,糸,十,冖,幺,
紡,糸,方,幺,,
素,糸,龶,幺,,
紛,糸,分,幺,,
級,糸,乃,幺,,
紘,糸,厷,幺,,
紗,糸,少,幺,,
納,糸,内,幺,,
紋,糸,文,幺,,
紀,糸,己,幺,,
糾,糸,丩,幺,,
系,糸,幺,小,,
糧,米,量,里,,
糖,米,唐,,,
粛,艹, 肀 ,丿丨,,
粘,米,占,,,
粗,米,且,,,
粋,米,卆,九,,
簿,竹,溥,氵,尃,
篤,竹,馬,灬,,
範,竹,車,㔾,,
節,竹,即,,,
箇,竹,固,古,囗,
策,竹,朿,,,
筋,竹,肋,月,力,
笹,竹,世,,,
第,竹,弔,,,
笛,竹,由,,,
笙,竹,生,,,
端,立,山,而,,
竣,立,夋,,,
竜,辰,乚,,,
窯,穴,羔,灬,,
窮,穴,躬,身,弓,
窒,穴,至,一ム ,土,
窃,穴,切,,,
穴,宀,八,,,
穫,禾,蒦,隹,,
穣,禾,㐮,六,衣,
穏,禾,㥯,⺤,心,ヨ
穂,禾,恵,心,,
穀,禾,殳,士,几,
稿,禾,高,亠口,冋,
稼,禾,家,豕,,
稲,禾,⺤,旧,,
稜,禾,夌,,,
稚,禾,隹,,,
稔,禾,念,今,心,
稀,禾,希,,,
称,禾,尓,,,
秩,禾,失,,,
秦,三人,禾,,,
租,禾,且,,,
秘,禾,必,,,
秀,禾,乃,,,
禎,礻,貞,貝,,
禍,礻,咼,冎,口,冋
禅,礻,単,,,
禄,礻,录,彐,氺,
票,覀,示,,,
祥,礻,羊,,,
祐,礻,右,,,
祉,礻,止,,,
礎,石,楚,林,疋,
礁,石,焦,隹,灬,
磯,石,幾,幺,戈,人
磁,石,兹,,,
碩,石,頁,,,
碧,王,白,石,,
碑,石,卑,甶,,
碁,其,石,,,
硫,石,㐬,,,
硝,石,肖,月,,
砲,石,包,勹,己,
砕,石,卆,九,,
矯,矢,喬,呑,冋,
矢,大,,,,
矛,予,マ,,,
瞳,目,童,立,里,
瞭,目,尞,大,日小,
瞬,目,舜,⺤,冖,舛
睦,目,坴,圥,土,
督,目,尗,又,,
睡,目,垂,,,
眼,目,艮,,,
眺,目,兆,,,
眸,目,牟,,,
看,龵,目,,,
眉,⺁,目,,,
盾,⺁,目,,,
盲,亡,目,,,
盤,般,皿,舟,殳,
監,臣,皿,,,
盟,明,皿,月,,
盛,成,戊,皿,戈,
益,八,一,皿,,
盆,分,皿,,,
皓,白,告,,,
皐,白,十,,,
皇,白,王,,,
癖,疒,辟,尸,口,辛
癒,疒,俞,愈,心,
痴,疒,知,矢,口,
痢,疒,利,禾,刂,
痘,疒,豆,,,
症,疒,正,,,
疾,疒,失,,,
疫,疒,殳,几,又,
疎,疋,束,,,
異,田,共,龷,,
畝,亩,久,,,
畔,田,半,,,
甲,,,,,
甫,,,,,
甚,卄,一,儿,匚,
環,王,睘,,,
璃,王,离,㐫,禸,凶
瑶,王,缶,⺤,牛,
瑳,王,差,左,,
瑠,王,留,刀,田,
瑞,王,耑,而,,
瑛,王,英,,,
瑚,王,胡,古,月,
琴,王,玨,今,,
琳,王,林,,,
琢,王,豕,,,
琉,王,㐬,亠ム ,川,
班,王,リ,王,,
珠,王,朱,,,
玲,王,令,,,
玖,王,久,,,
率,玄,十,幺,,
玄,亠,幺,,,
獲,犭,艹,隻,隹,
獣,畄,犬,,,
獄,犭,言,犬,,
猿,犭,袁,𠮷,,
猶,犭,酉,,,
献,南,犬,,,
猪,犭,者,耂,,
猟,犭,鼡,⺍,,
猛,犭,孟,子,皿,
狭,犭,夹,,,
独,犭,虫,,,
狩,犭,守,,,
狙,犭,且,,,
狂,犭,王,,,
犠,牛,義,,,
牲,牛,生,,,
牧,牛,攵,,,
爾,冂,八,㸚,メ,雨
爽,大,㸚,メ,,
爵,⺤,爫,罒,寸,
燿,火,歺,又,米,
燦,火,粲,,,
燎,火,尞,大,日小,
熟,孰,享,丸,灬,亠口
熙,巸,灬,巳,,
熊,能,灬,,,
煮,者,灬,耂,,
煩,火,頁,,,
焦,隹,灬,,,
烈,列,歹,刂,灬,
為,灬,,,,
炎,火,,,,
炊,火,次,,,
炉,火,戸,,,
災,巛,火,,,
瀬,氵,頼,束,頁,
濫,氵,監,臣,皿,
濁,氵,蜀,罒,虫,勹
激,氵,敫,白,方,攵
澪,氵,零,雨,令,
澄,氵,登,癶,豆,
潮,氵,朝,龺,月,
潤,氵,閏,門,王,
潟,氵,舃,臼,勹,灬
潜,氵,替,㚘,夫,
潔,氵,契,㓞,,
漸,氵,斬,車,斤,
漱,氵,束,欠,欶,
漬,氵,責,貝,,
漫,氵,日罒,又,,
漠,氵,莫,艹日,大,
漏,氵,尸,雨,,
漆,氵,桼,氺,,
漂,氵,票,示,覀,
滞,氵,帯,丗,冖,巾
滝,氵,竜,乚,,
滑,氵,骨,,,
滋,氵,兹,,,
滉,氵,晃,光,,
滅,氵,烕,戈,戊,
溝,氵,冓,,,
源,氵,原,日,小,
湧,氵,勇,,,
渦,氵,咼,冎,冋,
渥,氵,屋,,,
渚,氵,者,耂,,
渓,氵,⺤,夫,,
渋,氵,止,,,
渉,氵,歩,,,
渇,氵,曷,匂,勹,
添,氵,忝,㣺,,
淳,氵,享,亠口,,
淡,氵,炎,,,
淑,氵,叔,尗,又,
涯,氵,厓,厂,圭,
浸,氵,ヨ冖又,,,
浪,氵,良,,,
浩,氵,告,,,
浦,氵,甫,,,
浜,氵,兵,,,
浄,氵,争,,,
派,氵,⺁,,,
洸,氵,光,,,
洵,氵,旬,勹,,
洲,氵,洲,,,
洪,氵,共,龷,,
津,氵,聿,,,
洞,氵,同,,,
泰,三人,氺,,,
泣,氵,立,,,
泡,氵,包,勹,己,
泌,氵,必,,,
沿,氵,㕣,,,
沼,氵,召,,,
沢,氵,尺,,,
没,氵,殳,,,
沙,氵,少,小,,
沖,氵,中,,,
汽,氵,气,,,
汰,氵,太,,,
江,氵,工,,,
汐,氵,夕,,,
汁,氵,十,,,
氏,氏,,,,
毬,毛,求,,,
毅,豙,殳,,,
殻,壳,殳,冗,,
殴,区,殳,,,
殖,歹,直,,,
殊,歹,朱,,,
殉,歹,旬,勹,日,
歓,隹,欠,,,
款,士,欠,示,,
欽,金,欠,,,
欺,其,欠,,,
欣,斤,欠,,,
欄,木,䦨,東,門,
檀,木,亶,回,旦,
橘,木,矞,矛,冏,
樺,木,華,,,
樹,木,尌,村,豆,
模,木,莫,艹日,,
標,木,票,覀,示,
槽,木,曹,曲,,
槻,木,規,夫,見,
槙,木,真,,,
榛,木,三人,秦,,
概,木,既,,,
楼,木,娄,米,女,
楠,木,南,,,
楓,木,風,虫,,
楊,木,旦,勿,勹,
椿,木,春,三人,,
椰,木,耶,耳,阝,
検,木,㑒,,,
椎,木,隹,,,
椋,木,京,,,
棺,木,官,㠯,,
棟,木,東,,,
棚,木,朋,,,
棋,木,其,,,
棄,亠ム,丗,木,,
梨,木,利,禾,刂,
梧,木,吾,,,
梢,木,肖,,,
梓,木,辛,,,
梅,木,毎,𠂉,毋,
桟,木,㦮,戈,,
桜,木,⺍,女,,
桑,木,叒,双,,
桐,木,同,,,
案,安,木,,,
桃,木,兆,,,
桂,木,圭,,,
栽,木,戈,土,,
核,木,亥,,,
株,木,朱,,,
栞,幵,干,木,,
栗,覀,木,,,
栓,木,全,,,
柾,木,正,,,
柳,木,卯,,,
柚,木,由,,,
染,木,氿,氵,九,
某,甘,木,,,
柊,木,冬,夂,夕,
柄,木,丙,,,
架,加,木,,,
枢,木,区,,,
枠,木,九,十,卆,
析,木,斤,,,
松,木,公,,,
条,木,夂,夕,,
杜,木,土,,,
杏,木,口,,,
李,木,子,,,
杉,木,彡,,,
朽,木,丂,,,
朴,木,ト,,,
朱,失,未,,,
朗,,月,,,
朕,月,关,,,
朔,屰,朔,月,,
朋,月,,,,
曹,曲,日,,,
曙,日,署,罒,者,耂
暫,斬,車,斤,日,
暦,厂,林,日,,
暢,申,旦,勿,勹,
暖,日,爰,友,,
暑,日,者,耂,,
暉,日,軍,車,,
暇,日,叚,又,,
暁,日,十艹,,,
智,知,日,矢,,
晶,日,冒,昌,,
晨,日,辰,,,
晟,日,成,,,
晏,日,安,,,
晋,亚,日,,,
晃,日,光,,,
昴,日,卯,,,
是,日,龰,,,
昭,日,刀,口,召,
昌,日,,,,
昆,日,比,ヒ,,
昂,日,卬,卩,,
旺,日,王,,,
旭,九,日,,,
旬,勹,日,,,
旨,ヒ,日,,,
旦,日,一,,,
既,,旡,,,
旗,方,其,,,
旋,方,疋,,,
施,方,也,,,
於,方,仒,,,
斥,斤,,,,
斤,,,,,
斜,余,斗,,,
斗,十,,,,
斐,非,文,,,
斎,文,示,丿丨,,
斉,文,丿丨,,,
敷,旉,攵,,,
敵,啇,攵,,,
整,束,攵,正,,
敦,享,攵,亠口,,
敢,耳,攵,,,
救,求,攵,,,
敏,毎,攵,毋,,
故,古,攵,,,
攻,工,攵,,,
擬,扌,疑,矢,疋,
擦,扌,察,示,,
操,扌,品,木,喿,
擁,扌,雍,乡,隹,
撲,扌,菐,美,,
撮,扌,最,耳,取,
撤,扌,育,攵,,
撃,車,手,殳,,
摩,麻,手,广,林,
摘,扌,啇,古,,
摂,扌,耳,,,
搾,扌,窄,乍,儿,穴
携,扌,隽,隹,乃,
搭,扌,荅,合,,
搬,扌,般,舟,殳,
揺,扌,⺤,缶,牛,
援,扌,爰,友,,
揮,扌,軍,車,,
握,扌,屋,至,,
揚,扌,旦,勿,,
提,扌,是,,,
描,扌,苗,,,
掲,扌,曷,ヒ,匂,勹
措,扌,昔,龷,,
推,扌,隹,,,
控,扌,空,穴,工,
排,扌,非,,,
掌,龸,口,手,,
授,扌,受,又,⺤,
捺,扌,奈,示,,
捷,扌,疌,,,
据,扌,居,,,
挿,扌,申,,,
振,扌,辰,,,
挙,兴,手,,,
挑,扌,兆,儿,,
拷,扌,考,耂,丂,
拳,龹,手,,,
括,扌,舌,千,口,
拡,扌,広,ム,,
拠,扌,処,几,夂,
拙,扌,出,,,
拘,扌,句,勹,,
拓,扌,石,,,
拒,扌,巨,,,
拐,扌,叧,,,
拍,扌,白,,,
抽,扌,由,,,
抹,扌,末,,,
抵,扌,氐,氏,,
披,扌,皮,,,
択,扌,尺,,,
抗,扌,亢,,,
抑,扌,卬,卩,,
把,扌,巴,,,
抄,扌,少,小,,
批,扌,比,,,
扶,扌,夫,,,
扱,扌,及,,,
扉,戸,非,,,
扇,戸,羽,,,
房,戸,方,,,
戯,戈,虚,虎,,
戒,戈,廾,,,
我,戈,,,,
懸,県,系,心,縣,幺
懲,徴,心,王,攵,
懐,忄,褱,衣,,
懇,貇,心,艮,,
憾,忄,感,戊,,
憶,忄,意,音,,
憲,宀,龶,罒,心,
憩,舌,自,心,,
憧,忄,童,,,
憤,忄,賁,十艹,貝,
憂,㥑,夂,心,,
慶,广,心,夂,夕,
慰,尉,心,,,
慮,虍,思,心,,
慨,忄,既,,,
慧,彗,心,,,
慢,忄,日,罒,又,日罒
慕,艹日,㣺,,,
慎,忄,真,,,
態,能,心,,,
慈,兹,心,,,
愚,禺,心,,,
愉,忄,俞,,,
愁,秋,心,,,
惰,忄,左,月,,
惨,忄,参,,,
惣,物,心,,,
惟,忄,隹,,,
惜,忄,昔,龷,,
惑,戈,口,心,,
惇,忄,亠口,子,,
悼,忄,卓,,,
悦,忄,兄,,,
悠,忄,攸,,,
悟,忄,吾,,,
悔,忄,毎,毋,,
悌,忄,弟,,,
恵,一,由,心,,
恭,共,㣺,龷,,
恩,因,心,,,
恨,忄,艮,,,
恕,如,心,,,
恒,忄,亘,,,
怪,忄,圣,,,
怠,台,心,,,
怜,忄,令,,,
忠,中,心,,,
応,广,心,,,
志,士,心,,,
忍,刃,心,,,
忌,己,心,,,
徹,彳,育, 攵,,
徴,彳,山,王, 攵,
徳,彳,十,罒,心,
微,彳,山,兀, 攵,
循,彳,盾,,,
従,彳,䒑,龰,,
徐,彳,余,,,
径,彳,圣,,,
征,彳,正,,,
往,彳,主,王,丶,
影,景,彡,,,
彰,章,彡,,,
彬,林,彡,,,
彫,周,彡,⺆,𠮷,
彪,虎,彡,虍,,
彩,采,彡,⺤,,
彦,产,彡,,,
彗,丰,ヨ,,,
弾,弓,単,,,
張,弓,長,,,
弧,弓,瓜,,,
弦,弓,玄,幺,,
弥,弓,尓,,,
弘,弓,ム,,,
弔,弓,｜,,,
弓,己,,,,
弐,弋,二,,,
弊,敝,,,,
弁,ム,廾,,,
廷,廴,壬,,,
廊,广,郎,,,
廉,广,兼,,,
廃,广,発,,,
庸,广,聿,冂,,
康,广,隶,,,
庶,广,廿,灬,,
序,广,予,,,
庄,广,土,,,
幽,幺,山,,,
幻,幺,,,,
幹,龺,人,干,,
幣,敝,巾,,,
幕,艹日,巾,,,
帳,巾,長,,,
帥,,巾,,,
帝,立,冖,巾,,
帆,巾,凡,,,
巽,己,共,龷,,
巴,,,,,
巳,,,,,
己,,,,,
巧,工,丂,,,
巣,ツ,果,,,
巡,辶,巛,,,
巌,山,厳,敢,厂,
嶺,山,令,頁,,
嵯,山,差,左,,
嵩,山,高,,,
嵐,山,風,虫,,
崩,山,朋,,,
崚,山,夌,夂,,
崎,山,奇,,,
崇,山,宗,,,
峻,山,夋,夂,,
峰,山,夆,夂,,
峡,山,夹,夫,,
峠,山,上,下,,
岳,丘,山,,,
岬,山,甲,,,
岡,冂,䒑,山,,
岐,山,支,,,
屯,乚,山,,,
履,尸,復,,,
属,尸,禹,虫,,
展,尸,衣,,,
屈,尸,出,,,
尿,尸,水,,,
尾,尸,毛,,,
尽,尸,尺,,,
尼,尸,ヒ,,,
尺,尸,人,,,
就,京,尤,,,
尭,十艹,十,艹,兀,
尚,⺌,冋,,,
尋,ヨ,工,口,寸,
尉,尸,示,寸,,
射,身,寸,,,
寸,,,,,
寮,宀,尞,大,日小,
審,宀,番,,,
寧,宀,必,寍, 罒,丁
寡,宀,分,刀,,
寛,宀,艹,見,,
密,宀,必,山,,
寅,宀,由,,,
寂,宀,叔,尗,,
宵,宀,肖,,,
宴,宀,日,女,,
宰,宀,辛,,,
宮,宀,呂,,,
宥,宀,有,,,
宣,宀,亘,旦,,
宜,宀,且,,,
宙,宀,由,,,
宗,宀,示,,,
宏,宀,厷,ム,,
孤,子,瓜,,,
孟,子,皿,,,
孝,土,耂,子,,
孔,子,乚,,,
嬢,女,㐮,六,衣,
嬉,女,喜,吉,豆,
嫡,女,啇,,,
嫌,女,兼,,,
嫁,女,家,豕,,
媛,女,爰,爫,友,
媒,女,某,甘,木,
婿,女,月,胥,,
婆,女,波,皮,氵,
娯,女,呉,,,
娠,女,辰,,,
威,女,戊,,,
姿,女,次,,,
姻,女,因,,,
姫,女,臣,,,
妨,女,方,,,
妥,女,ツ,,,
妙,女,少,小,,
妊,女,壬,,,
妄,女,亡,,,
妃,女,己,,,
如,女,口,,,
奴,女,又,,,
奮,大,隹,田,,
奪,大,隹,寸,,
奨,将,大,ツ寸,,
奔,大,卉,廾,,
契,㓞,大,龶,,
奏,三人,夭,,,
奎,大,圭,,,
奉,三人,,,,
奈,大,示,,,
奇,大,可,,,
壱,士,冖,ヒ,,
壮,士,丬,,,
士,,,,,
壌,土,㐮,六,衣,
壊,土,褱,衣,罒,
壇,土,亶,旦,回,
壁,土,辟,辛,尸,
墾,土,貇,艮,豸,
墳,土,賁,十艹,貝,
墨,黒,里,土,,
墜,隊,土,豕,,
墓,艹,日,土,艹日,
塾,亠口,丸,土,,
塚,土,豕,,,
塑,屰,朔,月,土,
塊,土,鬼,,,
塁,田,土,,,
塀,土,屏,,,
堪,土,甚,,,
堤,土,是,,,
堕,阝,有,土,,
堅,臣,又,土,,
堀,土,屈,尸,出,
基,其,土,,,
培,土,咅,,,
執,幸,丸,,,
垣,土,亘,,,
垂,,,,,
坪,土,平,,,
坑,土,亢,几,,
圭,土,,,,
圏,囗,巻,己,,
囚,囗,人,,,
嚇,口,赤,,,
噴,口,賁,十艹,貝,
器,口口,大,,,
嘱,口,属,尸,,
嘉,吉,豆,加,,
嘆,口,サ,夫,,
嗣,口,冊,司,,
喬,呑,同,,,
喪,衣,土,口口,,
喝,口,曷,匂,勹,
喚,口,奐,冂儿,,
善,羊,口,立,,
啓,戸,攵,口,,
啄,口,豕,,,
唱,口,昌,日,,
唯,口,隹,,,
唇,辰,口,,,
唆,口,夋,夂,,
唄,口,貝,目,,
哲,折,口,,,
哉,土,戈,口,,
哀,亠口,衣,,,
呉,,,,,
呈,口,王,,,
呂,口,,,,
吟,口,今,,,
吐,口,土,,,
吏,史,,,,
后,⺁,口,一,,
吉,士,口,,,
司,口,,,,
叶,口,十,,,
只,口,八,,,
句,勹,口,,,
叡,睿,又,,,
叙,余,又,,,
叔,尗,又,,,
及,廴,人,フ,,
又,フ,,,,
厳,ツ,厂,敢,ツ厂,
厘,厂,里,,,
厄,厂,㔾,,,
卸,止,卩,,,
却,去,卩,,,
即,,卩,,,
卯,,卩,,,
博,十,専,由,寸,
卓,ト,早,,,
卑,甶,寸,,,
升,廾,,,,
匿,匚,若,,,
匡,匚,王,,,
匠,匚,斤,,,
匁,勹,,,,
勺,勹,,,,
勲,動,力,,,
勧,隹,力,,,
勘,甚,力,匚,,
勅,束,力,,,
勁,巠,力,工,,
劾,亥,力,,,
励,万,力,,,
劣,少,力,小,,
功,工,力,,,
創,倉,刂,戸,,
剰,乗,刂,,,
剤,斉,刂,,,
剣,㑒,刂,,,
剛,岡,刂,,,
剖,咅,刂,,,
削,肖,刂,,,
刑,开,刂,,,
刈,メ,刂,,,
刃,刀,,,,
刀,,,,,
凹,凵,,,,
凸,凵,,,,
凶,凵,メ,,,
凱,几,豈,豆,,
凪,几,止,,,
凡,几,,,,
凝,冫,疑,ヒ,矢,疋
凜,冫,稟,回,禾,
凌,冫,夌,,,
准,冫,隹,,,
冶,冫,台,,,
冴,冫,牙,,,
冠,冖,元,寸,,
冗,冖,几,,,
冒,日,,,,
兼,䒑,八,,,
典,,,,,
免,儿,ク,,,
克,古,儿,,,
充,允,儿,亠ム ,,
允,ム,儿,,,
償,イ,賞,貝,龸,
儒,イ,需,而,,
儀,イ,義,⺷,,
僧,イ,曽,田,日,
僚,イ,尞,大,日小,
僕,イ,菐,美,,
傷,イ,昜,昜,,
債,イ,責,貝,,
催,イ,崔,隹,,
傘,人,十,,,
傑,イ,桀,木,舛,
傍,イ,旁,辰,方,
偽,イ,為,,,
偵,イ,貞,貝,,
偲,イ,思,田,心,
健,イ,建,廴,聿,
偏,イ,扁,戸,冂,卄
倹,イ,㑒,,,
倭,イ,委,禾,女,
倫,イ,侖,,,
倣,イ,放,方,,
倖,イ,幸,,,
倉,人,口,戸,,
俸,イ,奉,,,
俵,イ,表,衣,,
俳,イ,非,,,
修,イ,攸,彡,攵,
保,イ,呆,,,
俗,イ,谷,,,
俊,イ,夋,,,
促,イ,足,,,
侵,イ,ヨ冖又,,,
侯,イ,矢,,,
侮,イ,毎,毋,,
価,イ,覀,,,
侑,イ,有,,,
侍,イ,寺,,,
侃,イ,川,,,
併,イ,幷,开,,
佳,イ,圭,,,
佑,イ,右,,,
佐,イ,左,,,
但,イ,旦,,,
伽,イ,加,,,
伶,イ,令,,,
伴,イ,半,,,
伯,イ,白,,,
伐,イ,戈,,,
伏,イ,犬,,,
伎,イ,支,,,
伍,イ,五,,,
伊,イ,尹,,,
企,人,止,,,
仰,イ,卩,,,
仮,イ,反,,,
仙,イ,山,,,
仁,イ,二,,,
亮,亠口,儿,冖,,
亭,亠口,丁,冖,,
享,亠口,了,亨,,
亨,亠口,了,,,
亦,亠,,,,
亥,亠,,,,
亜,覀,口,,,
亘,旦,日,,,
井,丿丨,,,,
亀,申,,,,
也,,,,,
乙,,,,,
乏,之,,,,
之,,,,,
乃,,,,,
丹,一,,,,
丞,一,,,,
丙,内,,,,
丘,一,,,,
且,月,一,,,
丑,一,刀,,,
丁,一,,,,